--
-- PostgreSQL database dump
--

\restrict Hv0qjd1w7fLS8BVKIrqcOzcBo16LgWQKVrBF8Bm1xLclSqPWEVtK0jskreck7iY

-- Dumped from database version 14.22
-- Dumped by pg_dump version 14.22

SET statement_timeout = 0;
SET lock_timeout = 0;
SET idle_in_transaction_session_timeout = 0;
SET client_encoding = 'UTF8';
SET standard_conforming_strings = on;
SELECT pg_catalog.set_config('search_path', '', false);
SET check_function_bodies = false;
SET xmloption = content;
SET client_min_messages = warning;
SET row_security = off;

--
-- Name: ALEX_DENT; Type: SCHEMA; Schema: -; Owner: postgres
--

CREATE SCHEMA "ALEX_DENT";


ALTER SCHEMA "ALEX_DENT" OWNER TO postgres;

--
-- Name: dental_treatments_trg_func(); Type: FUNCTION; Schema: ALEX_DENT; Owner: postgres
--

CREATE FUNCTION "ALEX_DENT".dental_treatments_trg_func() RETURNS trigger
    LANGUAGE plpgsql
    AS $$
BEGIN
    IF NEW."ID" IS NULL THEN
        NEW."ID" = NEXTVAL('"ALEX_DENT"."DENTAL_TREATMENTS_SEQ"');
    END IF;
    RETURN NEW;
END;
$$;


ALTER FUNCTION "ALEX_DENT".dental_treatments_trg_func() OWNER TO postgres;

SET default_tablespace = '';

SET default_table_access_method = heap;

--
-- Name: ADMIN_STAFF_TAB; Type: TABLE; Schema: ALEX_DENT; Owner: postgres
--

CREATE TABLE "ALEX_DENT"."ADMIN_STAFF_TAB" (
    "ID" integer NOT NULL,
    "NAME" character varying(150),
    "PHONE" character varying(30),
    "ADDRESS" character varying(255),
    "USERNAME" character varying(100),
    "PASSWORD" character varying(255),
    "ADMIN_LEVEL" character varying(50),
    "IS_ACTIVE" smallint DEFAULT 1
);


ALTER TABLE "ALEX_DENT"."ADMIN_STAFF_TAB" OWNER TO postgres;

--
-- Name: ADMIN_STAFF_TAB_ID_seq; Type: SEQUENCE; Schema: ALEX_DENT; Owner: postgres
--

ALTER TABLE "ALEX_DENT"."ADMIN_STAFF_TAB" ALTER COLUMN "ID" ADD GENERATED BY DEFAULT AS IDENTITY (
    SEQUENCE NAME "ALEX_DENT"."ADMIN_STAFF_TAB_ID_seq"
    START WITH 1
    INCREMENT BY 1
    NO MINVALUE
    NO MAXVALUE
    CACHE 1
);


--
-- Name: AUTH_GROUP; Type: TABLE; Schema: ALEX_DENT; Owner: postgres
--

CREATE TABLE "ALEX_DENT"."AUTH_GROUP" (
    "ID" integer NOT NULL,
    "NAME" character varying(150)
);


ALTER TABLE "ALEX_DENT"."AUTH_GROUP" OWNER TO postgres;

--
-- Name: AUTH_GROUP_ID_seq; Type: SEQUENCE; Schema: ALEX_DENT; Owner: postgres
--

ALTER TABLE "ALEX_DENT"."AUTH_GROUP" ALTER COLUMN "ID" ADD GENERATED BY DEFAULT AS IDENTITY (
    SEQUENCE NAME "ALEX_DENT"."AUTH_GROUP_ID_seq"
    START WITH 1
    INCREMENT BY 1
    NO MINVALUE
    NO MAXVALUE
    CACHE 1
);


--
-- Name: AUTH_GROUP_PERMISSIONS; Type: TABLE; Schema: ALEX_DENT; Owner: postgres
--

CREATE TABLE "ALEX_DENT"."AUTH_GROUP_PERMISSIONS" (
    "ID" bigint NOT NULL,
    "GROUP_ID" integer,
    "PERMISSION_ID" integer
);


ALTER TABLE "ALEX_DENT"."AUTH_GROUP_PERMISSIONS" OWNER TO postgres;

--
-- Name: AUTH_GROUP_PERMISSIONS_ID_seq; Type: SEQUENCE; Schema: ALEX_DENT; Owner: postgres
--

ALTER TABLE "ALEX_DENT"."AUTH_GROUP_PERMISSIONS" ALTER COLUMN "ID" ADD GENERATED BY DEFAULT AS IDENTITY (
    SEQUENCE NAME "ALEX_DENT"."AUTH_GROUP_PERMISSIONS_ID_seq"
    START WITH 1
    INCREMENT BY 1
    NO MINVALUE
    NO MAXVALUE
    CACHE 1
);


--
-- Name: AUTH_PERMISSION; Type: TABLE; Schema: ALEX_DENT; Owner: postgres
--

CREATE TABLE "ALEX_DENT"."AUTH_PERMISSION" (
    "ID" integer NOT NULL,
    "NAME" character varying(255),
    "CONTENT_TYPE_ID" integer,
    "CODENAME" character varying(100)
);


ALTER TABLE "ALEX_DENT"."AUTH_PERMISSION" OWNER TO postgres;

--
-- Name: AUTH_PERMISSION_ID_seq; Type: SEQUENCE; Schema: ALEX_DENT; Owner: postgres
--

ALTER TABLE "ALEX_DENT"."AUTH_PERMISSION" ALTER COLUMN "ID" ADD GENERATED BY DEFAULT AS IDENTITY (
    SEQUENCE NAME "ALEX_DENT"."AUTH_PERMISSION_ID_seq"
    START WITH 1
    INCREMENT BY 1
    NO MINVALUE
    NO MAXVALUE
    CACHE 1
);


--
-- Name: AUTH_USER; Type: TABLE; Schema: ALEX_DENT; Owner: postgres
--

CREATE TABLE "ALEX_DENT"."AUTH_USER" (
    "ID" integer NOT NULL,
    "PASSWORD" character varying(128),
    "LAST_LOGIN" timestamp without time zone,
    "IS_SUPERUSER" smallint,
    "USERNAME" character varying(150),
    "FIRST_NAME" character varying(150),
    "LAST_NAME" character varying(150),
    "EMAIL" character varying(254),
    "IS_STAFF" smallint,
    "IS_ACTIVE" smallint,
    "DATE_JOINED" timestamp without time zone
);


ALTER TABLE "ALEX_DENT"."AUTH_USER" OWNER TO postgres;

--
-- Name: AUTH_USER_GROUPS; Type: TABLE; Schema: ALEX_DENT; Owner: postgres
--

CREATE TABLE "ALEX_DENT"."AUTH_USER_GROUPS" (
    "ID" bigint NOT NULL,
    "USER_ID" integer,
    "GROUP_ID" integer
);


ALTER TABLE "ALEX_DENT"."AUTH_USER_GROUPS" OWNER TO postgres;

--
-- Name: AUTH_USER_GROUPS_ID_seq; Type: SEQUENCE; Schema: ALEX_DENT; Owner: postgres
--

ALTER TABLE "ALEX_DENT"."AUTH_USER_GROUPS" ALTER COLUMN "ID" ADD GENERATED BY DEFAULT AS IDENTITY (
    SEQUENCE NAME "ALEX_DENT"."AUTH_USER_GROUPS_ID_seq"
    START WITH 1
    INCREMENT BY 1
    NO MINVALUE
    NO MAXVALUE
    CACHE 1
);


--
-- Name: AUTH_USER_ID_seq; Type: SEQUENCE; Schema: ALEX_DENT; Owner: postgres
--

ALTER TABLE "ALEX_DENT"."AUTH_USER" ALTER COLUMN "ID" ADD GENERATED BY DEFAULT AS IDENTITY (
    SEQUENCE NAME "ALEX_DENT"."AUTH_USER_ID_seq"
    START WITH 1
    INCREMENT BY 1
    NO MINVALUE
    NO MAXVALUE
    CACHE 1
);


--
-- Name: AUTH_USER_USER_PERMISSIONS; Type: TABLE; Schema: ALEX_DENT; Owner: postgres
--

CREATE TABLE "ALEX_DENT"."AUTH_USER_USER_PERMISSIONS" (
    "ID" bigint NOT NULL,
    "USER_ID" integer,
    "PERMISSION_ID" integer
);


ALTER TABLE "ALEX_DENT"."AUTH_USER_USER_PERMISSIONS" OWNER TO postgres;

--
-- Name: AUTH_USER_USER_PERMISSIONS_ID_seq; Type: SEQUENCE; Schema: ALEX_DENT; Owner: postgres
--

ALTER TABLE "ALEX_DENT"."AUTH_USER_USER_PERMISSIONS" ALTER COLUMN "ID" ADD GENERATED BY DEFAULT AS IDENTITY (
    SEQUENCE NAME "ALEX_DENT"."AUTH_USER_USER_PERMISSIONS_ID_seq"
    START WITH 1
    INCREMENT BY 1
    NO MINVALUE
    NO MAXVALUE
    CACHE 1
);


--
-- Name: CLIN1; Type: TABLE; Schema: ALEX_DENT; Owner: postgres
--

CREATE TABLE "ALEX_DENT"."CLIN1" (
    "DOCTOR_ID" integer NOT NULL,
    "DOCTOR_NAME" character varying(100),
    "USERNAME" character varying(50),
    "PASSWORD" character varying(200),
    "SPECIALTY" character varying(100),
    "PHONE_NUMBER" character varying(20),
    "ADDRESS" character varying(200),
    "EMAIL" character varying(100)
);


ALTER TABLE "ALEX_DENT"."CLIN1" OWNER TO postgres;

--
-- Name: CLIN1_DOCTOR_ID_seq; Type: SEQUENCE; Schema: ALEX_DENT; Owner: postgres
--

ALTER TABLE "ALEX_DENT"."CLIN1" ALTER COLUMN "DOCTOR_ID" ADD GENERATED BY DEFAULT AS IDENTITY (
    SEQUENCE NAME "ALEX_DENT"."CLIN1_DOCTOR_ID_seq"
    START WITH 1
    INCREMENT BY 1
    NO MINVALUE
    NO MAXVALUE
    CACHE 1
);


--
-- Name: CLIN2; Type: TABLE; Schema: ALEX_DENT; Owner: postgres
--

CREATE TABLE "ALEX_DENT"."CLIN2" (
    "DOCTOR_ID" integer NOT NULL,
    "DOCTOR_NAME" character varying(100),
    "USERNAME" character varying(50),
    "PASSWORD" character varying(200),
    "SPECIALTY" character varying(100),
    "PHONE_NUMBER" character varying(20),
    "ADDRESS" character varying(200),
    "EMAIL" character varying(100)
);


ALTER TABLE "ALEX_DENT"."CLIN2" OWNER TO postgres;

--
-- Name: CLIN2_DOCTOR_ID_seq; Type: SEQUENCE; Schema: ALEX_DENT; Owner: postgres
--

ALTER TABLE "ALEX_DENT"."CLIN2" ALTER COLUMN "DOCTOR_ID" ADD GENERATED BY DEFAULT AS IDENTITY (
    SEQUENCE NAME "ALEX_DENT"."CLIN2_DOCTOR_ID_seq"
    START WITH 1
    INCREMENT BY 1
    NO MINVALUE
    NO MAXVALUE
    CACHE 1
);


--
-- Name: CLIN_SURGERY_DOC_TIME; Type: TABLE; Schema: ALEX_DENT; Owner: postgres
--

CREATE TABLE "ALEX_DENT"."CLIN_SURGERY_DOC_TIME" (
    "DOCTOR_ID" integer NOT NULL,
    "SATURDAY" character varying(50),
    "SUNDAY" character varying(50),
    "MONDAY" character varying(50),
    "TUESDAY" character varying(50),
    "WEDNESDAY" character varying(50),
    "THURSDAY" character varying(50),
    "FRIDAY" character varying(50)
);


ALTER TABLE "ALEX_DENT"."CLIN_SURGERY_DOC_TIME" OWNER TO postgres;

--
-- Name: CONDITIONS_CLIN1; Type: TABLE; Schema: ALEX_DENT; Owner: postgres
--

CREATE TABLE "ALEX_DENT"."CONDITIONS_CLIN1" (
    "ID" integer,
    "CONDITION_NAME_AR" character varying(255),
    "CONDITION_NAME_EN" character varying(255),
    "CLINIC_ID" integer
);


ALTER TABLE "ALEX_DENT"."CONDITIONS_CLIN1" OWNER TO postgres;

--
-- Name: CONDITIONS_CLIN2; Type: TABLE; Schema: ALEX_DENT; Owner: postgres
--

CREATE TABLE "ALEX_DENT"."CONDITIONS_CLIN2" (
    "ID" integer,
    "CONDITION_NAME_AR" character varying(255),
    "CONDITION_NAME_EN" character varying(255),
    "CLINIC_ID" integer
);


ALTER TABLE "ALEX_DENT"."CONDITIONS_CLIN2" OWNER TO postgres;

--
-- Name: DENTAL_CONDITIONS; Type: TABLE; Schema: ALEX_DENT; Owner: postgres
--

CREATE TABLE "ALEX_DENT"."DENTAL_CONDITIONS" (
    "ID" integer NOT NULL,
    "CONDITION_NAME_AR" character varying(255),
    "CONDITION_NAME_EN" character varying(255),
    "CLINIC_ID" integer
);


ALTER TABLE "ALEX_DENT"."DENTAL_CONDITIONS" OWNER TO postgres;

--
-- Name: DENTAL_CONDITIONS_ID_seq; Type: SEQUENCE; Schema: ALEX_DENT; Owner: postgres
--

ALTER TABLE "ALEX_DENT"."DENTAL_CONDITIONS" ALTER COLUMN "ID" ADD GENERATED BY DEFAULT AS IDENTITY (
    SEQUENCE NAME "ALEX_DENT"."DENTAL_CONDITIONS_ID_seq"
    START WITH 1
    INCREMENT BY 1
    NO MINVALUE
    NO MAXVALUE
    CACHE 1
);


--
-- Name: DENTAL_DRUG; Type: TABLE; Schema: ALEX_DENT; Owner: postgres
--

CREATE TABLE "ALEX_DENT"."DENTAL_DRUG" (
    "ID" integer NOT NULL,
    "TREATMENT_NAME" character varying(255),
    "USAGE_INSTRUCTIONS" text,
    "CLIN_ID" integer
);


ALTER TABLE "ALEX_DENT"."DENTAL_DRUG" OWNER TO postgres;

--
-- Name: DENTAL_TREATMENTS_SEQ; Type: SEQUENCE; Schema: ALEX_DENT; Owner: postgres
--

CREATE SEQUENCE "ALEX_DENT"."DENTAL_TREATMENTS_SEQ"
    START WITH 1
    INCREMENT BY 1
    NO MINVALUE
    NO MAXVALUE
    CACHE 1;


ALTER TABLE "ALEX_DENT"."DENTAL_TREATMENTS_SEQ" OWNER TO postgres;

--
-- Name: DJANGO_CONTENT_TYPE; Type: TABLE; Schema: ALEX_DENT; Owner: postgres
--

CREATE TABLE "ALEX_DENT"."DJANGO_CONTENT_TYPE" (
    "ID" integer NOT NULL,
    "APP_LABEL" character varying(100),
    "MODEL" character varying(100)
);


ALTER TABLE "ALEX_DENT"."DJANGO_CONTENT_TYPE" OWNER TO postgres;

--
-- Name: DJANGO_CONTENT_TYPE_ID_seq; Type: SEQUENCE; Schema: ALEX_DENT; Owner: postgres
--

ALTER TABLE "ALEX_DENT"."DJANGO_CONTENT_TYPE" ALTER COLUMN "ID" ADD GENERATED BY DEFAULT AS IDENTITY (
    SEQUENCE NAME "ALEX_DENT"."DJANGO_CONTENT_TYPE_ID_seq"
    START WITH 1
    INCREMENT BY 1
    NO MINVALUE
    NO MAXVALUE
    CACHE 1
);


--
-- Name: DJANGO_MIGRATIONS; Type: TABLE; Schema: ALEX_DENT; Owner: postgres
--

CREATE TABLE "ALEX_DENT"."DJANGO_MIGRATIONS" (
    "ID" bigint NOT NULL,
    "APP" character varying(255),
    "NAME" character varying(255),
    "APPLIED" timestamp without time zone
);


ALTER TABLE "ALEX_DENT"."DJANGO_MIGRATIONS" OWNER TO postgres;

--
-- Name: DJANGO_MIGRATIONS_ID_seq; Type: SEQUENCE; Schema: ALEX_DENT; Owner: postgres
--

ALTER TABLE "ALEX_DENT"."DJANGO_MIGRATIONS" ALTER COLUMN "ID" ADD GENERATED BY DEFAULT AS IDENTITY (
    SEQUENCE NAME "ALEX_DENT"."DJANGO_MIGRATIONS_ID_seq"
    START WITH 1
    INCREMENT BY 1
    NO MINVALUE
    NO MAXVALUE
    CACHE 1
);


--
-- Name: DJANGO_SESSION; Type: TABLE; Schema: ALEX_DENT; Owner: postgres
--

CREATE TABLE "ALEX_DENT"."DJANGO_SESSION" (
    "SESSION_KEY" character varying(40) NOT NULL,
    "SESSION_DATA" text,
    "EXPIRE_DATE" timestamp without time zone
);


ALTER TABLE "ALEX_DENT"."DJANGO_SESSION" OWNER TO postgres;

--
-- Name: DOCSUR1; Type: TABLE; Schema: ALEX_DENT; Owner: postgres
--

CREATE TABLE "ALEX_DENT"."DOCSUR1" (
    "FILE_PAT_NO" integer,
    "BOOK_DATE" date,
    "PERIOD_NO" character varying(100),
    "IS_AVAILABLE" smallint DEFAULT 1
);


ALTER TABLE "ALEX_DENT"."DOCSUR1" OWNER TO postgres;

--
-- Name: DOC_TIME_CLIN1; Type: TABLE; Schema: ALEX_DENT; Owner: postgres
--

CREATE TABLE "ALEX_DENT"."DOC_TIME_CLIN1" (
    "DOCTOR_ID" integer,
    "SATURDAY" character varying(50),
    "SUNDAY" character varying(50),
    "MONDAY" character varying(50),
    "TUESDAY" character varying(50),
    "WEDNESDAY" character varying(50),
    "THURSDAY" character varying(50),
    "FRIDAY" character varying(50)
);


ALTER TABLE "ALEX_DENT"."DOC_TIME_CLIN1" OWNER TO postgres;

--
-- Name: DOC_TIME_CLIN2; Type: TABLE; Schema: ALEX_DENT; Owner: postgres
--

CREATE TABLE "ALEX_DENT"."DOC_TIME_CLIN2" (
    "DOCTOR_ID" integer,
    "SATURDAY" character varying(50),
    "SUNDAY" character varying(50),
    "MONDAY" character varying(50),
    "TUESDAY" character varying(50),
    "WEDNESDAY" character varying(50),
    "THURSDAY" character varying(50),
    "FRIDAY" character varying(50)
);


ALTER TABLE "ALEX_DENT"."DOC_TIME_CLIN2" OWNER TO postgres;

--
-- Name: INV_2601; Type: TABLE; Schema: ALEX_DENT; Owner: postgres
--

CREATE TABLE "ALEX_DENT"."INV_2601" (
    "ITEM_NAME" character varying(255),
    "ITEM_PRICE" integer,
    "DOCTOR_ID" integer,
    "ITEM_TYPE" character varying(1),
    "VISIT_NUMBER" integer,
    "VOUCHER_NUMBER" integer
);


ALTER TABLE "ALEX_DENT"."INV_2601" OWNER TO postgres;

--
-- Name: INV_2602; Type: TABLE; Schema: ALEX_DENT; Owner: postgres
--

CREATE TABLE "ALEX_DENT"."INV_2602" (
    "ITEM_NAME" character varying(255),
    "ITEM_PRICE" integer,
    "DOCTOR_ID" integer,
    "ITEM_TYPE" character varying(1),
    "VISIT_NUMBER" integer,
    "VOUCHER_NUMBER" integer
);


ALTER TABLE "ALEX_DENT"."INV_2602" OWNER TO postgres;

--
-- Name: INV_2603; Type: TABLE; Schema: ALEX_DENT; Owner: postgres
--

CREATE TABLE "ALEX_DENT"."INV_2603" (
    "ITEM_NAME" character varying(255),
    "ITEM_PRICE" integer,
    "DOCTOR_ID" integer,
    "ITEM_TYPE" character varying(1),
    "VISIT_NUMBER" integer,
    "VOUCHER_NUMBER" integer
);


ALTER TABLE "ALEX_DENT"."INV_2603" OWNER TO postgres;

--
-- Name: INV_2604; Type: TABLE; Schema: ALEX_DENT; Owner: postgres
--

CREATE TABLE "ALEX_DENT"."INV_2604" (
    "ITEM_NAME" character varying(255),
    "ITEM_PRICE" integer,
    "DOCTOR_ID" integer,
    "ITEM_TYPE" character varying(1),
    "VISIT_NUMBER" integer,
    "VOUCHER_NUMBER" integer
);


ALTER TABLE "ALEX_DENT"."INV_2604" OWNER TO postgres;

--
-- Name: INV_2605; Type: TABLE; Schema: ALEX_DENT; Owner: postgres
--

CREATE TABLE "ALEX_DENT"."INV_2605" (
    "ITEM_NAME" character varying(255),
    "ITEM_PRICE" integer,
    "DOCTOR_ID" integer,
    "ITEM_TYPE" character varying(1),
    "VISIT_NUMBER" integer,
    "VOUCHER_NUMBER" integer
);


ALTER TABLE "ALEX_DENT"."INV_2605" OWNER TO postgres;

--
-- Name: INV_2606; Type: TABLE; Schema: ALEX_DENT; Owner: postgres
--

CREATE TABLE "ALEX_DENT"."INV_2606" (
    "ITEM_NAME" character varying(255),
    "ITEM_PRICE" integer,
    "DOCTOR_ID" integer,
    "ITEM_TYPE" character varying(1),
    "VISIT_NUMBER" integer,
    "VOUCHER_NUMBER" integer
);


ALTER TABLE "ALEX_DENT"."INV_2606" OWNER TO postgres;

--
-- Name: INV_2607; Type: TABLE; Schema: ALEX_DENT; Owner: postgres
--

CREATE TABLE "ALEX_DENT"."INV_2607" (
    "ITEM_NAME" character varying(255),
    "ITEM_PRICE" integer,
    "DOCTOR_ID" integer,
    "ITEM_TYPE" character varying(1),
    "VISIT_NUMBER" integer,
    "VOUCHER_NUMBER" integer
);


ALTER TABLE "ALEX_DENT"."INV_2607" OWNER TO postgres;

--
-- Name: INV_2608; Type: TABLE; Schema: ALEX_DENT; Owner: postgres
--

CREATE TABLE "ALEX_DENT"."INV_2608" (
    "ITEM_NAME" character varying(255),
    "ITEM_PRICE" integer,
    "DOCTOR_ID" integer,
    "ITEM_TYPE" character varying(1),
    "VISIT_NUMBER" integer,
    "VOUCHER_NUMBER" integer
);


ALTER TABLE "ALEX_DENT"."INV_2608" OWNER TO postgres;

--
-- Name: INV_2609; Type: TABLE; Schema: ALEX_DENT; Owner: postgres
--

CREATE TABLE "ALEX_DENT"."INV_2609" (
    "ITEM_NAME" character varying(255),
    "ITEM_PRICE" integer,
    "DOCTOR_ID" integer,
    "ITEM_TYPE" character varying(1),
    "VISIT_NUMBER" integer,
    "VOUCHER_NUMBER" integer
);


ALTER TABLE "ALEX_DENT"."INV_2609" OWNER TO postgres;

--
-- Name: INV_2610; Type: TABLE; Schema: ALEX_DENT; Owner: postgres
--

CREATE TABLE "ALEX_DENT"."INV_2610" (
    "ITEM_NAME" character varying(255),
    "ITEM_PRICE" integer,
    "DOCTOR_ID" integer,
    "ITEM_TYPE" character varying(1),
    "VISIT_NUMBER" integer,
    "VOUCHER_NUMBER" integer
);


ALTER TABLE "ALEX_DENT"."INV_2610" OWNER TO postgres;

--
-- Name: LAB_IM_EX; Type: TABLE; Schema: ALEX_DENT; Owner: postgres
--

CREATE TABLE "ALEX_DENT"."LAB_IM_EX" (
    "ID" integer NOT NULL,
    "EXAM_NAME" character varying(200),
    "PRICE" numeric(10,2)
);


ALTER TABLE "ALEX_DENT"."LAB_IM_EX" OWNER TO postgres;

--
-- Name: MEDICAL_CLINICS; Type: TABLE; Schema: ALEX_DENT; Owner: postgres
--

CREATE TABLE "ALEX_DENT"."MEDICAL_CLINICS" (
    "CLINIC_ID" integer NOT NULL,
    "CLINIC_NAME" character varying(100),
    "MANAGER_NAME" character varying(100),
    "USERNAME" character varying(50),
    "PASSWORD" character varying(200),
    "PHONE_NUMBER" character varying(20),
    "ADDRESS" character varying(200),
    "EMAIL" character varying(100),
    "STATE" smallint DEFAULT 1
);


ALTER TABLE "ALEX_DENT"."MEDICAL_CLINICS" OWNER TO postgres;

--
-- Name: MEDICAL_CLINICS_CLINIC_ID_seq; Type: SEQUENCE; Schema: ALEX_DENT; Owner: postgres
--

ALTER TABLE "ALEX_DENT"."MEDICAL_CLINICS" ALTER COLUMN "CLINIC_ID" ADD GENERATED BY DEFAULT AS IDENTITY (
    SEQUENCE NAME "ALEX_DENT"."MEDICAL_CLINICS_CLINIC_ID_seq"
    START WITH 1
    INCREMENT BY 1
    NO MINVALUE
    NO MAXVALUE
    CACHE 1
);


--
-- Name: PATIENT_RECORDS; Type: TABLE; Schema: ALEX_DENT; Owner: postgres
--

CREATE TABLE "ALEX_DENT"."PATIENT_RECORDS" (
    "FILE_PAT_NO" character varying(20) NOT NULL,
    "PATIENT_NAME" character varying(100),
    "AGE" integer,
    "PHONE_NUMBER" character varying(20),
    "GENDER" character(10),
    "REGISTRATION_DATE" date DEFAULT CURRENT_DATE,
    "CURRENT_ADDRESS" character varying(255)
);


ALTER TABLE "ALEX_DENT"."PATIENT_RECORDS" OWNER TO postgres;

--
-- Name: PATIENT_TREATMENTS; Type: TABLE; Schema: ALEX_DENT; Owner: postgres
--

CREATE TABLE "ALEX_DENT"."PATIENT_TREATMENTS" (
    "PATIENT_ID" integer,
    "TREATMENT_CODES" character varying(1000),
    "DOCTOR_ID" integer,
    "VISIT_NUMBER" integer
);


ALTER TABLE "ALEX_DENT"."PATIENT_TREATMENTS" OWNER TO postgres;

--
-- Name: SERVICE_PRICE_CLIN1; Type: TABLE; Schema: ALEX_DENT; Owner: postgres
--

CREATE TABLE "ALEX_DENT"."SERVICE_PRICE_CLIN1" (
    "SERVICE_ID" integer NOT NULL,
    "SERVICE_NAME" character varying(255),
    "PRICE" numeric(10,2),
    "CLINIC_NUMBER" character varying(20)
);


ALTER TABLE "ALEX_DENT"."SERVICE_PRICE_CLIN1" OWNER TO postgres;

--
-- Name: SERVICE_PRICE_CLIN1_SERVICE_ID_seq; Type: SEQUENCE; Schema: ALEX_DENT; Owner: postgres
--

ALTER TABLE "ALEX_DENT"."SERVICE_PRICE_CLIN1" ALTER COLUMN "SERVICE_ID" ADD GENERATED BY DEFAULT AS IDENTITY (
    SEQUENCE NAME "ALEX_DENT"."SERVICE_PRICE_CLIN1_SERVICE_ID_seq"
    START WITH 1
    INCREMENT BY 1
    NO MINVALUE
    NO MAXVALUE
    CACHE 1
);


--
-- Name: SERVICE_PRICE_CLIN2; Type: TABLE; Schema: ALEX_DENT; Owner: postgres
--

CREATE TABLE "ALEX_DENT"."SERVICE_PRICE_CLIN2" (
    "SERVICE_ID" integer NOT NULL,
    "SERVICE_NAME" character varying(255),
    "PRICE" numeric(10,2),
    "CLINIC_NUMBER" integer
);


ALTER TABLE "ALEX_DENT"."SERVICE_PRICE_CLIN2" OWNER TO postgres;

--
-- Name: SERVICE_PRICE_CLIN2_SERVICE_ID_seq; Type: SEQUENCE; Schema: ALEX_DENT; Owner: postgres
--

ALTER TABLE "ALEX_DENT"."SERVICE_PRICE_CLIN2" ALTER COLUMN "SERVICE_ID" ADD GENERATED BY DEFAULT AS IDENTITY (
    SEQUENCE NAME "ALEX_DENT"."SERVICE_PRICE_CLIN2_SERVICE_ID_seq"
    START WITH 1
    INCREMENT BY 1
    NO MINVALUE
    NO MAXVALUE
    CACHE 1
);


--
-- Name: SUPERVISOR_TAB; Type: TABLE; Schema: ALEX_DENT; Owner: postgres
--

CREATE TABLE "ALEX_DENT"."SUPERVISOR_TAB" (
    "ID" integer NOT NULL,
    "NAME" character varying(150),
    "PHONE" character varying(30),
    "USERNAME" character varying(100),
    "PASSWORD" character varying(255),
    "START_DATE" date,
    "END_DATE" date,
    "EMAIL" character varying(150)
);


ALTER TABLE "ALEX_DENT"."SUPERVISOR_TAB" OWNER TO postgres;

--
-- Name: SUPERVISOR_TAB_ID_seq; Type: SEQUENCE; Schema: ALEX_DENT; Owner: postgres
--

ALTER TABLE "ALEX_DENT"."SUPERVISOR_TAB" ALTER COLUMN "ID" ADD GENERATED BY DEFAULT AS IDENTITY (
    SEQUENCE NAME "ALEX_DENT"."SUPERVISOR_TAB_ID_seq"
    START WITH 1
    INCREMENT BY 1
    NO MINVALUE
    NO MAXVALUE
    CACHE 1
);


--
-- Name: VISITS_CLIN1; Type: TABLE; Schema: ALEX_DENT; Owner: postgres
--

CREATE TABLE "ALEX_DENT"."VISITS_CLIN1" (
    "TREATMENT" character varying(255),
    "VISIT_DATE" date,
    "DOCTOR_ID" integer,
    "PATIENT_NO" integer,
    "PERIOD_NO" integer,
    "BOOK_CONFIRMATION" character varying(5),
    "EXAMS" character varying(200),
    "VISIT_NUMBER" integer NOT NULL,
    "NOTE" character varying(3000),
    "MEDCEN" character varying(100)
);


ALTER TABLE "ALEX_DENT"."VISITS_CLIN1" OWNER TO postgres;

--
-- Name: VISITS_CLIN1_VISIT_NUMBER_seq; Type: SEQUENCE; Schema: ALEX_DENT; Owner: postgres
--

ALTER TABLE "ALEX_DENT"."VISITS_CLIN1" ALTER COLUMN "VISIT_NUMBER" ADD GENERATED BY DEFAULT AS IDENTITY (
    SEQUENCE NAME "ALEX_DENT"."VISITS_CLIN1_VISIT_NUMBER_seq"
    START WITH 1
    INCREMENT BY 1
    NO MINVALUE
    NO MAXVALUE
    CACHE 1
);


--
-- Name: VISITS_CLIN2; Type: TABLE; Schema: ALEX_DENT; Owner: postgres
--

CREATE TABLE "ALEX_DENT"."VISITS_CLIN2" (
    "TREATMENT" character varying(255),
    "VISIT_DATE" date,
    "DOCTOR_ID" integer,
    "PATIENT_NO" integer,
    "PERIOD_NO" integer,
    "BOOK_CONFIRMATION" character varying(5),
    "EXAMS" character varying(80),
    "VISIT_NUMBER" integer NOT NULL,
    "NOTE" character varying(3000),
    "MEDCEN" character varying(80)
);


ALTER TABLE "ALEX_DENT"."VISITS_CLIN2" OWNER TO postgres;

--
-- Name: VISITS_CLIN2_VISIT_NUMBER_seq; Type: SEQUENCE; Schema: ALEX_DENT; Owner: postgres
--

ALTER TABLE "ALEX_DENT"."VISITS_CLIN2" ALTER COLUMN "VISIT_NUMBER" ADD GENERATED BY DEFAULT AS IDENTITY (
    SEQUENCE NAME "ALEX_DENT"."VISITS_CLIN2_VISIT_NUMBER_seq"
    START WITH 1
    INCREMENT BY 1
    NO MINVALUE
    NO MAXVALUE
    CACHE 1
);


--
-- Name: VISIT_PERIODS; Type: TABLE; Schema: ALEX_DENT; Owner: postgres
--

CREATE TABLE "ALEX_DENT"."VISIT_PERIODS" (
    "PERIOD_NUMBER" integer NOT NULL,
    "START_TIME" character varying(10),
    "END_TIME" character varying(10)
);


ALTER TABLE "ALEX_DENT"."VISIT_PERIODS" OWNER TO postgres;

--
-- Name: VISIT_SEQ; Type: SEQUENCE; Schema: ALEX_DENT; Owner: postgres
--

CREATE SEQUENCE "ALEX_DENT"."VISIT_SEQ"
    START WITH 141
    INCREMENT BY 1
    NO MINVALUE
    NO MAXVALUE
    CACHE 20;


ALTER TABLE "ALEX_DENT"."VISIT_SEQ" OWNER TO postgres;

--
-- Name: VOUCHER_COUNTER; Type: TABLE; Schema: ALEX_DENT; Owner: postgres
--

CREATE TABLE "ALEX_DENT"."VOUCHER_COUNTER" (
    "VOUCHER_NUMBER" integer NOT NULL,
    "VOUCHER_DATE" date,
    "PATIENT_NO" integer
);


ALTER TABLE "ALEX_DENT"."VOUCHER_COUNTER" OWNER TO postgres;

--
-- Name: auth_group; Type: TABLE; Schema: public; Owner: alex_user
--

CREATE TABLE public.auth_group (
    id integer NOT NULL,
    name character varying(150) NOT NULL
);


ALTER TABLE public.auth_group OWNER TO alex_user;

--
-- Name: auth_group_id_seq; Type: SEQUENCE; Schema: public; Owner: alex_user
--

ALTER TABLE public.auth_group ALTER COLUMN id ADD GENERATED BY DEFAULT AS IDENTITY (
    SEQUENCE NAME public.auth_group_id_seq
    START WITH 1
    INCREMENT BY 1
    NO MINVALUE
    NO MAXVALUE
    CACHE 1
);


--
-- Name: auth_group_permissions; Type: TABLE; Schema: public; Owner: alex_user
--

CREATE TABLE public.auth_group_permissions (
    id bigint NOT NULL,
    group_id integer NOT NULL,
    permission_id integer NOT NULL
);


ALTER TABLE public.auth_group_permissions OWNER TO alex_user;

--
-- Name: auth_group_permissions_id_seq; Type: SEQUENCE; Schema: public; Owner: alex_user
--

ALTER TABLE public.auth_group_permissions ALTER COLUMN id ADD GENERATED BY DEFAULT AS IDENTITY (
    SEQUENCE NAME public.auth_group_permissions_id_seq
    START WITH 1
    INCREMENT BY 1
    NO MINVALUE
    NO MAXVALUE
    CACHE 1
);


--
-- Name: auth_permission; Type: TABLE; Schema: public; Owner: alex_user
--

CREATE TABLE public.auth_permission (
    id integer NOT NULL,
    name character varying(255) NOT NULL,
    content_type_id integer NOT NULL,
    codename character varying(100) NOT NULL
);


ALTER TABLE public.auth_permission OWNER TO alex_user;

--
-- Name: auth_permission_id_seq; Type: SEQUENCE; Schema: public; Owner: alex_user
--

ALTER TABLE public.auth_permission ALTER COLUMN id ADD GENERATED BY DEFAULT AS IDENTITY (
    SEQUENCE NAME public.auth_permission_id_seq
    START WITH 1
    INCREMENT BY 1
    NO MINVALUE
    NO MAXVALUE
    CACHE 1
);


--
-- Name: auth_user; Type: TABLE; Schema: public; Owner: alex_user
--

CREATE TABLE public.auth_user (
    id integer NOT NULL,
    password character varying(128) NOT NULL,
    last_login timestamp with time zone,
    is_superuser boolean NOT NULL,
    username character varying(150) NOT NULL,
    first_name character varying(150) NOT NULL,
    last_name character varying(150) NOT NULL,
    email character varying(254) NOT NULL,
    is_staff boolean NOT NULL,
    is_active boolean NOT NULL,
    date_joined timestamp with time zone NOT NULL
);


ALTER TABLE public.auth_user OWNER TO alex_user;

--
-- Name: auth_user_groups; Type: TABLE; Schema: public; Owner: alex_user
--

CREATE TABLE public.auth_user_groups (
    id bigint NOT NULL,
    user_id integer NOT NULL,
    group_id integer NOT NULL
);


ALTER TABLE public.auth_user_groups OWNER TO alex_user;

--
-- Name: auth_user_groups_id_seq; Type: SEQUENCE; Schema: public; Owner: alex_user
--

ALTER TABLE public.auth_user_groups ALTER COLUMN id ADD GENERATED BY DEFAULT AS IDENTITY (
    SEQUENCE NAME public.auth_user_groups_id_seq
    START WITH 1
    INCREMENT BY 1
    NO MINVALUE
    NO MAXVALUE
    CACHE 1
);


--
-- Name: auth_user_id_seq; Type: SEQUENCE; Schema: public; Owner: alex_user
--

ALTER TABLE public.auth_user ALTER COLUMN id ADD GENERATED BY DEFAULT AS IDENTITY (
    SEQUENCE NAME public.auth_user_id_seq
    START WITH 1
    INCREMENT BY 1
    NO MINVALUE
    NO MAXVALUE
    CACHE 1
);


--
-- Name: auth_user_user_permissions; Type: TABLE; Schema: public; Owner: alex_user
--

CREATE TABLE public.auth_user_user_permissions (
    id bigint NOT NULL,
    user_id integer NOT NULL,
    permission_id integer NOT NULL
);


ALTER TABLE public.auth_user_user_permissions OWNER TO alex_user;

--
-- Name: auth_user_user_permissions_id_seq; Type: SEQUENCE; Schema: public; Owner: alex_user
--

ALTER TABLE public.auth_user_user_permissions ALTER COLUMN id ADD GENERATED BY DEFAULT AS IDENTITY (
    SEQUENCE NAME public.auth_user_user_permissions_id_seq
    START WITH 1
    INCREMENT BY 1
    NO MINVALUE
    NO MAXVALUE
    CACHE 1
);


--
-- Name: django_content_type; Type: TABLE; Schema: public; Owner: alex_user
--

CREATE TABLE public.django_content_type (
    id integer NOT NULL,
    app_label character varying(100) NOT NULL,
    model character varying(100) NOT NULL
);


ALTER TABLE public.django_content_type OWNER TO alex_user;

--
-- Name: django_content_type_id_seq; Type: SEQUENCE; Schema: public; Owner: alex_user
--

ALTER TABLE public.django_content_type ALTER COLUMN id ADD GENERATED BY DEFAULT AS IDENTITY (
    SEQUENCE NAME public.django_content_type_id_seq
    START WITH 1
    INCREMENT BY 1
    NO MINVALUE
    NO MAXVALUE
    CACHE 1
);


--
-- Name: django_migrations; Type: TABLE; Schema: public; Owner: alex_user
--

CREATE TABLE public.django_migrations (
    id bigint NOT NULL,
    app character varying(255) NOT NULL,
    name character varying(255) NOT NULL,
    applied timestamp with time zone NOT NULL
);


ALTER TABLE public.django_migrations OWNER TO alex_user;

--
-- Name: django_migrations_id_seq; Type: SEQUENCE; Schema: public; Owner: alex_user
--

ALTER TABLE public.django_migrations ALTER COLUMN id ADD GENERATED BY DEFAULT AS IDENTITY (
    SEQUENCE NAME public.django_migrations_id_seq
    START WITH 1
    INCREMENT BY 1
    NO MINVALUE
    NO MAXVALUE
    CACHE 1
);


--
-- Name: django_session; Type: TABLE; Schema: public; Owner: alex_user
--

CREATE TABLE public.django_session (
    session_key character varying(40) NOT NULL,
    session_data text NOT NULL,
    expire_date timestamp with time zone NOT NULL
);


ALTER TABLE public.django_session OWNER TO alex_user;

--
-- Data for Name: ADMIN_STAFF_TAB; Type: TABLE DATA; Schema: ALEX_DENT; Owner: postgres
--

COPY "ALEX_DENT"."ADMIN_STAFF_TAB" ("ID", "NAME", "PHONE", "ADDRESS", "USERNAME", "PASSWORD", "ADMIN_LEVEL", "IS_ACTIVE") FROM stdin;
1	هاني سعيد	7777	صنعء	hs	12345	3	1
\.


--
-- Data for Name: AUTH_GROUP; Type: TABLE DATA; Schema: ALEX_DENT; Owner: postgres
--

COPY "ALEX_DENT"."AUTH_GROUP" ("ID", "NAME") FROM stdin;
\.


--
-- Data for Name: AUTH_GROUP_PERMISSIONS; Type: TABLE DATA; Schema: ALEX_DENT; Owner: postgres
--

COPY "ALEX_DENT"."AUTH_GROUP_PERMISSIONS" ("ID", "GROUP_ID", "PERMISSION_ID") FROM stdin;
\.


--
-- Data for Name: AUTH_PERMISSION; Type: TABLE DATA; Schema: ALEX_DENT; Owner: postgres
--

COPY "ALEX_DENT"."AUTH_PERMISSION" ("ID", "NAME", "CONTENT_TYPE_ID", "CODENAME") FROM stdin;
1	Can add permission	1	add_permission
2	Can change permission	1	change_permission
3	Can delete permission	1	delete_permission
4	Can view permission	1	view_permission
5	Can add group	2	add_group
6	Can change group	2	change_group
7	Can delete group	2	delete_group
8	Can view group	2	view_group
9	Can add user	3	add_user
10	Can change user	3	change_user
11	Can delete user	3	delete_user
12	Can view user	3	view_user
13	Can add content type	4	add_contenttype
14	Can change content type	4	change_contenttype
15	Can delete content type	4	delete_contenttype
16	Can view content type	4	view_contenttype
17	Can add session	5	add_session
18	Can change session	5	change_session
19	Can delete session	5	delete_session
20	Can view session	5	view_session
\.


--
-- Data for Name: AUTH_USER; Type: TABLE DATA; Schema: ALEX_DENT; Owner: postgres
--

COPY "ALEX_DENT"."AUTH_USER" ("ID", "PASSWORD", "LAST_LOGIN", "IS_SUPERUSER", "USERNAME", "FIRST_NAME", "LAST_NAME", "EMAIL", "IS_STAFF", "IS_ACTIVE", "DATE_JOINED") FROM stdin;
\.


--
-- Data for Name: AUTH_USER_GROUPS; Type: TABLE DATA; Schema: ALEX_DENT; Owner: postgres
--

COPY "ALEX_DENT"."AUTH_USER_GROUPS" ("ID", "USER_ID", "GROUP_ID") FROM stdin;
\.


--
-- Data for Name: AUTH_USER_USER_PERMISSIONS; Type: TABLE DATA; Schema: ALEX_DENT; Owner: postgres
--

COPY "ALEX_DENT"."AUTH_USER_USER_PERMISSIONS" ("ID", "USER_ID", "PERMISSION_ID") FROM stdin;
\.


--
-- Data for Name: CLIN1; Type: TABLE DATA; Schema: ALEX_DENT; Owner: postgres
--

COPY "ALEX_DENT"."CLIN1" ("DOCTOR_ID", "DOCTOR_NAME", "USERNAME", "PASSWORD", "SPECIALTY", "PHONE_NUMBER", "ADDRESS", "EMAIL") FROM stdin;
1	محمد اسكندر عبده المقالح	moh	12345	جراحة	777280330	صنعاء-مذبح	2e1h3j6kc@mozmail.com
\.


--
-- Data for Name: CLIN2; Type: TABLE DATA; Schema: ALEX_DENT; Owner: postgres
--

COPY "ALEX_DENT"."CLIN2" ("DOCTOR_ID", "DOCTOR_NAME", "USERNAME", "PASSWORD", "SPECIALTY", "PHONE_NUMBER", "ADDRESS", "EMAIL") FROM stdin;
1	احمد السراجي	sra	12345	تجميل	777111222	الروضة	2e1h3j6kc@mozmail.com
\.


--
-- Data for Name: CLIN_SURGERY_DOC_TIME; Type: TABLE DATA; Schema: ALEX_DENT; Owner: postgres
--

COPY "ALEX_DENT"."CLIN_SURGERY_DOC_TIME" ("DOCTOR_ID", "SATURDAY", "SUNDAY", "MONDAY", "TUESDAY", "WEDNESDAY", "THURSDAY", "FRIDAY") FROM stdin;
1	6-7-8	6-7-8-9-2	6-7-8-9-5	6-7-8-4	6-7-8-9	2-13	6-7
21	4	5	5	8	1	3	6
\.


--
-- Data for Name: CONDITIONS_CLIN1; Type: TABLE DATA; Schema: ALEX_DENT; Owner: postgres
--

COPY "ALEX_DENT"."CONDITIONS_CLIN1" ("ID", "CONDITION_NAME_AR", "CONDITION_NAME_EN", "CLINIC_ID") FROM stdin;
\.


--
-- Data for Name: CONDITIONS_CLIN2; Type: TABLE DATA; Schema: ALEX_DENT; Owner: postgres
--

COPY "ALEX_DENT"."CONDITIONS_CLIN2" ("ID", "CONDITION_NAME_AR", "CONDITION_NAME_EN", "CLINIC_ID") FROM stdin;
\.


--
-- Data for Name: DENTAL_CONDITIONS; Type: TABLE DATA; Schema: ALEX_DENT; Owner: postgres
--

COPY "ALEX_DENT"."DENTAL_CONDITIONS" ("ID", "CONDITION_NAME_AR", "CONDITION_NAME_EN", "CLINIC_ID") FROM stdin;
61	الزيارة الاواى	first visit	1
1	تسوس الأسنان	Dental Caries	1
2	التهابات اللثة المبكرة	Early Gingivitis	1
3	تنظيف الأسنان والفحص الدوري	Teeth Cleaning and Check-up	\N
4	الحشوات أو إعادة ترميم الأسنان	Dental Fillings / Restorations	1
5	الأسنان المكسورة البسيطة	Minor Broken Teeth	\N
6	تآكل الأسنان أو الحساسية	Tooth Erosion / Sensitivity	\N
7	التهاب اللثة المزمن	Chronic Gingivitis	1
8	التهاب دواعم السن	Periodontitis	2
9	نزيف اللثة المستمر	Persistent Gum Bleeding	\N
10	تراكم الجير أو التهاب اللثة الحاد	Tartar Accumulation / Severe Gingivitis	\N
11	فقدان الأسنان بسبب أمراض اللثة	Tooth Loss due to Gum Disease	\N
12	الأسنان غير متراصة	Malocclusion	\N
13	حاجة لتصحيح العضات	Bite Correction Needed	\N
14	مشاكل النمو الفكّي عند الأطفال والمراهقين	Jaw Growth Problems in Children/Teens	\N
15	مشاكل تجميلية مرتبطة بمحاذاة الأسنان	Cosmetic Teeth Alignment Issues	\N
16	خراج الأسنان أو العدوى حول جذور الأسنان	Dental Abscess / Root Infection	\N
17	ألم الأسنان العميق الناتج عن التهاب لب السن	Deep Tooth Pain due to Pulpitis	\N
18	علاج قناة الجذر	Root Canal Treatment	\N
19	إزالة ضرس العقل	Impacted Wisdom Tooth Removal	1
20	إصابات الأسنان والفك الناتجة عن حوادث	Dental/Facial Injuries from Accidents	\N
21	كسور الفك أو الوجه	Jaw/Facial Fractures	\N
22	خلع الأسنان الصعبة أو الملتصقة	Difficult/Impacted Tooth Extraction	\N
23	جراحة ترقيع العظام أو زرع الأسنان	Bone Grafting / Dental Implants Surgery	\N
24	علاج الأورام الحميدة أو الخبيثة بالفم	Benign/Malignant Oral Tumor Treatment	\N
25	إعادة بناء الوجه بعد الإصابات	Facial Reconstruction after Trauma	\N
26	تسوس الأسنان عند الأطفال	Dental Caries in Children	\N
27	مشاكل الأسنان اللبنية	Primary (Milk) Teeth Problems	\N
28	متابعة نمو الأسنان الدائمة	Permanent Teeth Growth Monitoring	\N
29	الحشوات والتقويم المبكر للأطفال	Fillings and Early Orthodontics for Children	\N
30	التوعية بالعادات السيئة	Bad Habit Awareness (e.g., Thumb Sucking)	\N
31	تبيض الأسنان	Teeth Whitening	\N
32	تصحيح شكل الأسنان	Veneers / Bonding	\N
33	تجميل الابتسامة	Smile Makeover	\N
34	ألم حاد أو مفاجئ	Acute / Sudden Pain	\N
35	نزيف حاد في الفم	Severe Oral Bleeding	\N
36	خلع الأسنان أو سقوطها	Tooth Avulsion / Loss	\N
37	ألم أو صعوبة فتح الفم	Difficulty / Pain Opening Mouth	\N
38	صوت فرقعة أو طقطقة عند تحريك الفك	Clicking / Popping Jaw Sound	\N
39	آلام الوجه غير مفسرة مرتبطة بالفك	Unexplained Facial Pain related to Jaw	\N
40	تشنجات عضلات الوجه والفك	Facial / Jaw Muscle Spasms	\N
41	قرحات الفم المتكررة	Recurrent Oral Ulcers	\N
42	تورم أو التهاب الغدد اللعابية	Swelling / Salivary Gland Inflammation	\N
43	التهابات فطرية أو فيروسية في الفم	Oral Fungal / Viral Infections	\N
44	أمراض الشفاه أو التقرحات المزمنة	Chronic Lip / Oral Lesions	1
45	صعوبة المضغ أو البلع	Difficulty Chewing / Swallowing	\N
46	جفاف الفم المزمن	Chronic Xerostomia	\N
47	تغيرات لون الأسنان أو الفم بسبب أمراض مزمنة	Tooth / Oral Color Changes due to Chronic Disease	\N
\.


--
-- Data for Name: DENTAL_DRUG; Type: TABLE DATA; Schema: ALEX_DENT; Owner: postgres
--

COPY "ALEX_DENT"."DENTAL_DRUG" ("ID", "TREATMENT_NAME", "USAGE_INSTRUCTIONS", "CLIN_ID") FROM stdin;
58	Ketoconazole	\N	\N
60	Triamcinolone Oral Paste	\N	\N
61	Hyaluronic Acid Gel	\N	\N
62	Choline Salicylate Gel	\N	\N
63	Aloclair Gel	\N	\N
64	Sucralfate Suspension	\N	\N
65	Tranexamic Acid	\N	\N
66	Heparin	\N	\N
67	Epinephrine	\N	\N
68	Nitroglycerin Spray	\N	\N
69	Salbutamol Inhaler	\N	\N
70	Diazepam	\N	\N
71	Midazolam	\N	\N
72	Aspirin 300mg	\N	\N
73	Amoxicillin Suspension	\N	\N
74	Co-amoxiclav Suspension	\N	\N
75	Ibuprofen Suspension	\N	\N
76	Paracetamol Suspension	\N	\N
77	Metronidazole Gel	\N	\N
1	Amoxicillin 250mg	\N	\N
2	Amoxicillin 500mg	\N	\N
3	Amoxicillin 875mg	\N	\N
4	Amoxicillin + Clavulanic 625mg	\N	\N
5	Amoxicillin + Clavulanic 1g	\N	\N
6	Clindamycin 150mg	\N	\N
7	Clindamycin 300mg	\N	\N
8	Metronidazole 250mg	\N	\N
9	Metronidazole 500mg	\N	\N
10	Azithromycin 500mg	\N	\N
11	Clarithromycin 500mg	\N	\N
12	Erythromycin 500mg	\N	\N
13	Cephalexin 500mg	\N	\N
14	Cefuroxime 500mg	\N	\N
15	Ceftriaxone 1g	\N	\N
16	Doxycycline 100mg	\N	\N
17	Ciprofloxacin 500mg	\N	\N
18	Tetracycline 250mg	\N	\N
19	Linezolid 600mg	\N	\N
20	Vancomycin IV	\N	\N
21	Ibuprofen 200mg	\N	\N
22	Ibuprofen 400mg	\N	\N
23	Ibuprofen 600mg	\N	\N
24	Paracetamol 500mg	\N	\N
25	Paracetamol 1000mg	\N	\N
26	Diclofenac 50mg	\N	\N
27	Diclofenac 75mg IM	\N	\N
28	Naproxen 500mg	\N	\N
29	Ketorolac 10mg	\N	\N
30	Ketorolac IM	\N	\N
31	Celecoxib 200mg	\N	\N
32	Tramadol 50mg	\N	\N
33	Codeine + Paracetamol	\N	\N
34	Morphine	\N	\N
35	Meloxicam 15mg	\N	\N
36	Dexamethasone 4mg	\N	\N
37	Dexamethasone 8mg	\N	\N
38	Prednisolone 5mg	\N	\N
39	Prednisolone 20mg	\N	\N
40	Methylprednisolone 16mg	\N	\N
41	Lidocaine 2%	\N	\N
42	Lidocaine with Epinephrine	\N	\N
43	Articaine 4%	\N	\N
44	Mepivacaine 3%	\N	\N
45	Prilocaine	\N	\N
46	Bupivacaine	\N	\N
47	Lidocaine Gel	\N	\N
48	Benzocaine Gel	\N	\N
49	Chlorhexidine 0.12%	\N	\N
50	Chlorhexidine 0.2%	\N	\N
51	Povidone Iodine	\N	\N
52	Hydrogen Peroxide 3%	\N	\N
53	Benzydamine	\N	\N
54	Hexetidine	\N	\N
55	Nystatin Suspension	\N	\N
56	Miconazole Gel	\N	\N
57	Fluconazole 150mg	\N	\N
78	Minocycline Gel	\N	\N
79	Calcium Hydroxide Paste	\N	\N
80	Sodium Hypochlorite	\N	\N
81	EDTA Solution	\N	\N
82	Formocresol	\N	\N
83	Silver Diamine Fluoride	\N	\N
84	Fluoride Gel	\N	\N
85	Fluoride Varnish	\N	\N
86	Desensitizing Paste	\N	\N
87	Potassium Nitrate Paste	\N	\N
88	Topical Tetracycline	\N	\N
89	Chlorhexidine Gel	\N	\N
90	Mupirocin Ointment	\N	\N
91	Acyclovir 400mg	\N	\N
92	Valacyclovir	\N	\N
93	Lysine	\N	\N
94	Vitamin B Complex	\N	\N
95	Iron Supplement	\N	\N
96	Folic Acid	\N	\N
102	alex1	\N	1
98	Pantoprazole	\N	\N
99	Ondansetron	\N	\N
100	Amoxicillin IV	\N	\N
101	alex	\N	1
\.


--
-- Data for Name: DJANGO_CONTENT_TYPE; Type: TABLE DATA; Schema: ALEX_DENT; Owner: postgres
--

COPY "ALEX_DENT"."DJANGO_CONTENT_TYPE" ("ID", "APP_LABEL", "MODEL") FROM stdin;
1	auth	permission
2	auth	group
3	auth	user
4	contenttypes	contenttype
5	sessions	session
\.


--
-- Data for Name: DJANGO_MIGRATIONS; Type: TABLE DATA; Schema: ALEX_DENT; Owner: postgres
--

COPY "ALEX_DENT"."DJANGO_MIGRATIONS" ("ID", "APP", "NAME", "APPLIED") FROM stdin;
1	contenttypes	0001_initial	2026-02-08 15:08:39.908461
2	contenttypes	0002_remove_content_type_name	2026-02-08 15:08:41.910811
3	auth	0001_initial	2026-02-08 15:08:42.681755
4	auth	0002_alter_permission_name_max_length	2026-02-08 15:08:42.902744
5	auth	0003_alter_user_email_max_length	2026-02-08 15:08:42.973739
6	auth	0004_alter_user_username_opts	2026-02-08 15:08:43.000012
7	auth	0005_alter_user_last_login_null	2026-02-08 15:08:43.081002
8	auth	0006_require_contenttypes_0002	2026-02-08 15:08:43.098003
9	auth	0007_alter_validators_add_error_messages	2026-02-08 15:08:43.122999
10	auth	0008_alter_user_username_max_length	2026-02-08 15:08:43.184997
11	auth	0009_alter_user_last_name_max_length	2026-02-08 15:08:43.243003
12	auth	0010_alter_group_name_max_length	2026-02-08 15:08:43.307996
13	auth	0011_update_proxy_permissions	2026-02-08 15:08:43.330993
14	auth	0012_alter_user_first_name_max_length	2026-02-08 15:08:43.379986
15	sessions	0001_initial	2026-02-08 15:08:43.44699
\.


--
-- Data for Name: DJANGO_SESSION; Type: TABLE DATA; Schema: ALEX_DENT; Owner: postgres
--

COPY "ALEX_DENT"."DJANGO_SESSION" ("SESSION_KEY", "SESSION_DATA", "EXPIRE_DATE") FROM stdin;
\.


--
-- Data for Name: DOCSUR1; Type: TABLE DATA; Schema: ALEX_DENT; Owner: postgres
--

COPY "ALEX_DENT"."DOCSUR1" ("FILE_PAT_NO", "BOOK_DATE", "PERIOD_NO", "IS_AVAILABLE") FROM stdin;
2601	2026-02-19	1-2-3	0
\.


--
-- Data for Name: DOC_TIME_CLIN1; Type: TABLE DATA; Schema: ALEX_DENT; Owner: postgres
--

COPY "ALEX_DENT"."DOC_TIME_CLIN1" ("DOCTOR_ID", "SATURDAY", "SUNDAY", "MONDAY", "TUESDAY", "WEDNESDAY", "THURSDAY", "FRIDAY") FROM stdin;
1	6-7-8	\N	\N	\N	\N	\N	\N
21	4	5	5	8	1	3	6
\.


--
-- Data for Name: DOC_TIME_CLIN2; Type: TABLE DATA; Schema: ALEX_DENT; Owner: postgres
--

COPY "ALEX_DENT"."DOC_TIME_CLIN2" ("DOCTOR_ID", "SATURDAY", "SUNDAY", "MONDAY", "TUESDAY", "WEDNESDAY", "THURSDAY", "FRIDAY") FROM stdin;
1	15-4	6-7	6-7-8	6-7-8	6-7-8-9	6-7-8-9-10	6-7-8-9-10-11-4
\.


--
-- Data for Name: INV_2601; Type: TABLE DATA; Schema: ALEX_DENT; Owner: postgres
--

COPY "ALEX_DENT"."INV_2601" ("ITEM_NAME", "ITEM_PRICE", "DOCTOR_ID", "ITEM_TYPE", "VISIT_NUMBER", "VOUCHER_NUMBER") FROM stdin;
الزيارة الاولى	3000	1	1	86	26001
Bitewing X-Ray	3000	1	1	86	26003
Complete Blood Count (CBC)	100000	1	2	86	26003
Initial Consultation + Treatment Plan	3000	1	1	88	26004
Panoramic Radiograph (OPG / Orthopantomogram)	3000	1	2	88	26004
\.


--
-- Data for Name: INV_2602; Type: TABLE DATA; Schema: ALEX_DENT; Owner: postgres
--

COPY "ALEX_DENT"."INV_2602" ("ITEM_NAME", "ITEM_PRICE", "DOCTOR_ID", "ITEM_TYPE", "VISIT_NUMBER", "VOUCHER_NUMBER") FROM stdin;
\.


--
-- Data for Name: INV_2603; Type: TABLE DATA; Schema: ALEX_DENT; Owner: postgres
--

COPY "ALEX_DENT"."INV_2603" ("ITEM_NAME", "ITEM_PRICE", "DOCTOR_ID", "ITEM_TYPE", "VISIT_NUMBER", "VOUCHER_NUMBER") FROM stdin;
\.


--
-- Data for Name: INV_2604; Type: TABLE DATA; Schema: ALEX_DENT; Owner: postgres
--

COPY "ALEX_DENT"."INV_2604" ("ITEM_NAME", "ITEM_PRICE", "DOCTOR_ID", "ITEM_TYPE", "VISIT_NUMBER", "VOUCHER_NUMBER") FROM stdin;
الزيارة الاولى	3000	1	1	161	26016
\.


--
-- Data for Name: INV_2605; Type: TABLE DATA; Schema: ALEX_DENT; Owner: postgres
--

COPY "ALEX_DENT"."INV_2605" ("ITEM_NAME", "ITEM_PRICE", "DOCTOR_ID", "ITEM_TYPE", "VISIT_NUMBER", "VOUCHER_NUMBER") FROM stdin;
الزيارة الاولى	3000	1	1	162	26017
\.


--
-- Data for Name: INV_2606; Type: TABLE DATA; Schema: ALEX_DENT; Owner: postgres
--

COPY "ALEX_DENT"."INV_2606" ("ITEM_NAME", "ITEM_PRICE", "DOCTOR_ID", "ITEM_TYPE", "VISIT_NUMBER", "VOUCHER_NUMBER") FROM stdin;
\.


--
-- Data for Name: INV_2607; Type: TABLE DATA; Schema: ALEX_DENT; Owner: postgres
--

COPY "ALEX_DENT"."INV_2607" ("ITEM_NAME", "ITEM_PRICE", "DOCTOR_ID", "ITEM_TYPE", "VISIT_NUMBER", "VOUCHER_NUMBER") FROM stdin;
\.


--
-- Data for Name: INV_2608; Type: TABLE DATA; Schema: ALEX_DENT; Owner: postgres
--

COPY "ALEX_DENT"."INV_2608" ("ITEM_NAME", "ITEM_PRICE", "DOCTOR_ID", "ITEM_TYPE", "VISIT_NUMBER", "VOUCHER_NUMBER") FROM stdin;
\.


--
-- Data for Name: INV_2609; Type: TABLE DATA; Schema: ALEX_DENT; Owner: postgres
--

COPY "ALEX_DENT"."INV_2609" ("ITEM_NAME", "ITEM_PRICE", "DOCTOR_ID", "ITEM_TYPE", "VISIT_NUMBER", "VOUCHER_NUMBER") FROM stdin;
\.


--
-- Data for Name: INV_2610; Type: TABLE DATA; Schema: ALEX_DENT; Owner: postgres
--

COPY "ALEX_DENT"."INV_2610" ("ITEM_NAME", "ITEM_PRICE", "DOCTOR_ID", "ITEM_TYPE", "VISIT_NUMBER", "VOUCHER_NUMBER") FROM stdin;
\.


--
-- Data for Name: LAB_IM_EX; Type: TABLE DATA; Schema: ALEX_DENT; Owner: postgres
--

COPY "ALEX_DENT"."LAB_IM_EX" ("ID", "EXAM_NAME", "PRICE") FROM stdin;
1	Panoramic Radiograph (OPG / Orthopantomogram)	3000.00
2	Bitewing Radiograph	4000.00
3	Periapical Radiograph	9000.00
4	Cone Beam Computed Tomography (CBCT)	4000.00
5	Computed Tomography (CT Scan) - Maxillofacial	2000.00
6	Magnetic Resonance Imaging (MRI) - Maxillofacial	1500.00
7	Cephalometric Radiograph	7000.00
8	Chest X-Ray (Preoperative if required)	2000.00
9	Complete Blood Count (CBC)	100000.00
10	Coagulation Profile (PT, aPTT, INR)	5000.00
11	Blood Chemistry Panel (Kidney, Liver, Electrolytes)	1000.00
13	Microbiological Analysis of Plaque or Saliva	2500.00
15	Allergy / Sensitivity Test for Anesthesia	4000.00
16	Inflammatory Markers (CRP, ESR)	9000.00
17	Bone Density Assessment (DEXA or CBCT derived)	6000.00
19	Genetic or Biomarker Testing (if indicated)	2000.00
\.


--
-- Data for Name: MEDICAL_CLINICS; Type: TABLE DATA; Schema: ALEX_DENT; Owner: postgres
--

COPY "ALEX_DENT"."MEDICAL_CLINICS" ("CLINIC_ID", "CLINIC_NAME", "MANAGER_NAME", "USERNAME", "PASSWORD", "PHONE_NUMBER", "ADDRESS", "EMAIL", "STATE") FROM stdin;
1	جراحة الوجه  والفكين	محمد اسكندر المقالح	mem	12345	777280330	صنعاء مذبح	2e1h3j6kc@mozmail.com	1
2	تجميل	القاسمي	kas	12345	777888000	صنعاء-حدة	2e1h3j6kc@mozmail.com	1
\.


--
-- Data for Name: PATIENT_RECORDS; Type: TABLE DATA; Schema: ALEX_DENT; Owner: postgres
--

COPY "ALEX_DENT"."PATIENT_RECORDS" ("FILE_PAT_NO", "PATIENT_NAME", "AGE", "PHONE_NUMBER", "GENDER", "REGISTRATION_DATE", "CURRENT_ADDRESS") FROM stdin;
2601	محمد العنتري	40	7777777	ذكر       	2026-03-28	صنعاء
2603	قاسم	32	77777	ذكر       	2026-04-01	صنعاء
2610	حمادي	60	77777777	ذكر       	2026-04-04	اب
2602	سامح	32	323232	ذكر       	2026-04-01	صعدة
2606	شعفل	30	677888	ذكر       	2026-04-04	مأرب
2607	صبوحة	35	778888	ذكر       	2026-04-04	شبوة
2608	كعبول	21	778888	ذكر       	2026-04-04	الجوف
2604	aشمسان	35	7777	ذكر       	2026-04-04	صنعاء
2605	عبسي	34	77789000	ذكر       	2026-04-04	عدن
2609	سعود	28	7888888	ذكر       	2026-04-04	ريمة
\.


--
-- Data for Name: PATIENT_TREATMENTS; Type: TABLE DATA; Schema: ALEX_DENT; Owner: postgres
--

COPY "ALEX_DENT"."PATIENT_TREATMENTS" ("PATIENT_ID", "TREATMENT_CODES", "DOCTOR_ID", "VISIT_NUMBER") FROM stdin;
\.


--
-- Data for Name: SERVICE_PRICE_CLIN1; Type: TABLE DATA; Schema: ALEX_DENT; Owner: postgres
--

COPY "ALEX_DENT"."SERVICE_PRICE_CLIN1" ("SERVICE_ID", "SERVICE_NAME", "PRICE", "CLINIC_NUMBER") FROM stdin;
121	الزيارة الاولى	3000.00	1
81	Initial Consultation + Treatment Plan	3000.00	1
82	Follow-up Consultation	400.00	1
83	Medium Composite Filling	2500.00	1
84	Root Canal Treatment (Single Canal)	100000.00	1
85	Root Canal Treatment (Multiple Canals)	150000.00	1
86	Extraction of Tooth (Simple)	5000.00	1
87	Extraction of Tooth (Surgical / Impacted)	20000.00	1
88	Wisdom Tooth Extraction	25000.00	1
89	Periodontal Treatment (Gum Therapy)	30000.00	1
90	Crown (Porcelain / Metal-Ceramic)	40000.00	1
91	Bridge (3 Units)	60000.00	1
92	Denture (Partial)	35000.00	1
93	Denture (Full)	50000.00	1
94	Dental Implant (Single Tooth)	120000.00	1
95	Implant Crown	45000.00	1
96	Orthodontic Treatment (Braces – Full Arch)	150000.00	1
97	Orthodontic Follow-up / Adjustment	10000.00	1
98	Teeth Whitening (In-office)	20000.00	1
99	Veneer (Porcelain / Single Tooth)	50000.00	1
100	Panoramic Radiograph (OPG)	5000.00	1
101	Bitewing X-Ray	3000.00	1
102	Periapical X-Ray	2500.00	1
103	Cone Beam CT (CBCT)	15000.00	1
104	CT Scan – Maxillofacial	20000.00	1
105	MRI – Maxillofacial	25000.00	1
106	Cephalometric Radiograph	4000.00	1
107	Complete Blood Count (CBC)	2000.00	1
108	Coagulation Profile (PT, aPTT, INR)	3500.00	1
109	Blood Chemistry Panel (Kidney, Liver, Electrolytes)	5000.00	1
110	Microbiological Analysis of Plaque / Saliva	4500.00	1
111	Allergy / Sensitivity Test for Anesthesia	4000.00	1
112	Inflammatory Markers (CRP, ESR)	5500.00	1
113	Bone Density Assessment (DEXA / CBCT derived)	12000.00	1
114	Genetic or Biomarker Testing (if indicated)	30000.00	1
\.


--
-- Data for Name: SERVICE_PRICE_CLIN2; Type: TABLE DATA; Schema: ALEX_DENT; Owner: postgres
--

COPY "ALEX_DENT"."SERVICE_PRICE_CLIN2" ("SERVICE_ID", "SERVICE_NAME", "PRICE", "CLINIC_NUMBER") FROM stdin;
1	sr_face	200000.00	2
2	sr_nos	100000.00	2
\.


--
-- Data for Name: SUPERVISOR_TAB; Type: TABLE DATA; Schema: ALEX_DENT; Owner: postgres
--

COPY "ALEX_DENT"."SUPERVISOR_TAB" ("ID", "NAME", "PHONE", "USERNAME", "PASSWORD", "START_DATE", "END_DATE", "EMAIL") FROM stdin;
1	اسكندر	777513858	maq513	12345	2026-03-04	2027-03-01	alex@gmail.com
\.


--
-- Data for Name: VISITS_CLIN1; Type: TABLE DATA; Schema: ALEX_DENT; Owner: postgres
--

COPY "ALEX_DENT"."VISITS_CLIN1" ("TREATMENT", "VISIT_DATE", "DOCTOR_ID", "PATIENT_NO", "PERIOD_NO", "BOOK_CONFIRMATION", "EXAMS", "VISIT_NUMBER", "NOTE", "MEDCEN") FROM stdin;
101	2026-03-29	1	2601	2	1	9	86	التخيص الاولي لطبيب الاسرة:الزيارة الاواى	58
121	2026-04-18	1	2609	8	0	\N	166	التشخيص الاولي لطبيب الاسرة:تآكل الأسنان أو الحساسية	\N
121	2026-04-11	1	2606	7	0	\N	163	التشخيص الاولي لطبيب الاسرة:الأسنان المكسورة البسيطة	\N
121	2026-04-11	1	2604	6	1	\N	161	التشخيص الاولي لطبيب الاسرة:خراج الأسنان أو العدوى حول جذور الأسنان	\N
121	2026-04-18	1	2605	6	1	\N	162	التشخيص الاولي لطبيب الاسرة:التهابات اللثة المبكرة	\N
121	2026-04-18	1	2607	7	0	\N	164	التشخيص الاولي لطبيب الاسرة:تسوس الأسنان	\N
121	2026-04-11	1	2608	8	0	\N	165	التشخيص الاولي لطبيب الاسرة:تنظيف الأسنان والفحص الدوري	\N
121	2026-04-25	1	2610	6	0	\N	167	التشخيص الاولي لطبيب الاسرة:الحشوات أو إعادة ترميم الأسنان	\N
\.


--
-- Data for Name: VISITS_CLIN2; Type: TABLE DATA; Schema: ALEX_DENT; Owner: postgres
--

COPY "ALEX_DENT"."VISITS_CLIN2" ("TREATMENT", "VISIT_DATE", "DOCTOR_ID", "PATIENT_NO", "PERIOD_NO", "BOOK_CONFIRMATION", "EXAMS", "VISIT_NUMBER", "NOTE", "MEDCEN") FROM stdin;
1	2026-04-02	1	2602	7	0	1	21	\N	\N
121	2026-04-02	1	2603	8	0	\N	22	التشخيص الاولي لطبيب الاسرة:التهابات اللثة المبكرة	\N
121	2026-04-02	1	2602	6	1	\N	7	التشخيص الاولي لطبيب الاسرة:تسوس الأسنان	\N
\.


--
-- Data for Name: VISIT_PERIODS; Type: TABLE DATA; Schema: ALEX_DENT; Owner: postgres
--

COPY "ALEX_DENT"."VISIT_PERIODS" ("PERIOD_NUMBER", "START_TIME", "END_TIME") FROM stdin;
1	08:00 AM	09:00 AM
3	10:00 AM	11:00 AM
2	09:00 AM	10:00 AM
4	11:00 AM	12:00 PM
6	02:00 PM	03:00 PM
7	03:00 PM	04:00 PM
8	04:00 PM	05:00 PM
9	05:00 PM	06:00 PM
10	06:00 PM	07:00 PM
11	07:00 PM	08:00 PM
12	08:00 PM	09:00 PM
13	09:00 PM	10:00 PM
14	10:00 PM	11:00 PM
15	11:00 PM	12:00 AM
\.


--
-- Data for Name: VOUCHER_COUNTER; Type: TABLE DATA; Schema: ALEX_DENT; Owner: postgres
--

COPY "ALEX_DENT"."VOUCHER_COUNTER" ("VOUCHER_NUMBER", "VOUCHER_DATE", "PATIENT_NO") FROM stdin;
26001	2026-03-28	2601
26002	2026-03-28	2602
26003	2026-03-28	2601
26004	2026-03-28	2601
26005	2026-03-28	2602
26006	2026-03-29	2604
26008	2026-03-30	2606
26009	2026-03-30	2605
26013	2026-04-04	2604
26014	2026-04-04	2605
26015	2026-04-04	2605
26016	2026-04-04	2604
26017	2026-04-04	2605
26007	2026-03-29	2605
26010	2026-03-30	2607
26011	2026-04-01	2602
26012	2026-04-01	2602
\.


--
-- Data for Name: auth_group; Type: TABLE DATA; Schema: public; Owner: alex_user
--

COPY public.auth_group (id, name) FROM stdin;
\.


--
-- Data for Name: auth_group_permissions; Type: TABLE DATA; Schema: public; Owner: alex_user
--

COPY public.auth_group_permissions (id, group_id, permission_id) FROM stdin;
\.


--
-- Data for Name: auth_permission; Type: TABLE DATA; Schema: public; Owner: alex_user
--

COPY public.auth_permission (id, name, content_type_id, codename) FROM stdin;
1	Can add permission	1	add_permission
2	Can change permission	1	change_permission
3	Can delete permission	1	delete_permission
4	Can view permission	1	view_permission
5	Can add group	2	add_group
6	Can change group	2	change_group
7	Can delete group	2	delete_group
8	Can view group	2	view_group
9	Can add user	3	add_user
10	Can change user	3	change_user
11	Can delete user	3	delete_user
12	Can view user	3	view_user
13	Can add content type	4	add_contenttype
14	Can change content type	4	change_contenttype
15	Can delete content type	4	delete_contenttype
16	Can view content type	4	view_contenttype
17	Can add session	5	add_session
18	Can change session	5	change_session
19	Can delete session	5	delete_session
20	Can view session	5	view_session
\.


--
-- Data for Name: auth_user; Type: TABLE DATA; Schema: public; Owner: alex_user
--

COPY public.auth_user (id, password, last_login, is_superuser, username, first_name, last_name, email, is_staff, is_active, date_joined) FROM stdin;
\.


--
-- Data for Name: auth_user_groups; Type: TABLE DATA; Schema: public; Owner: alex_user
--

COPY public.auth_user_groups (id, user_id, group_id) FROM stdin;
\.


--
-- Data for Name: auth_user_user_permissions; Type: TABLE DATA; Schema: public; Owner: alex_user
--

COPY public.auth_user_user_permissions (id, user_id, permission_id) FROM stdin;
\.


--
-- Data for Name: django_content_type; Type: TABLE DATA; Schema: public; Owner: alex_user
--

COPY public.django_content_type (id, app_label, model) FROM stdin;
1	auth	permission
2	auth	group
3	auth	user
4	contenttypes	contenttype
5	sessions	session
\.


--
-- Data for Name: django_migrations; Type: TABLE DATA; Schema: public; Owner: alex_user
--

COPY public.django_migrations (id, app, name, applied) FROM stdin;
1	contenttypes	0001_initial	2026-04-07 22:57:40.144155+03
2	contenttypes	0002_remove_content_type_name	2026-04-07 22:57:40.170231+03
3	auth	0001_initial	2026-04-07 22:57:40.389152+03
4	auth	0002_alter_permission_name_max_length	2026-04-07 22:57:40.405155+03
5	auth	0003_alter_user_email_max_length	2026-04-07 22:57:40.422164+03
6	auth	0004_alter_user_username_opts	2026-04-07 22:57:40.44117+03
7	auth	0005_alter_user_last_login_null	2026-04-07 22:57:40.458158+03
8	auth	0006_require_contenttypes_0002	2026-04-07 22:57:40.465165+03
9	auth	0007_alter_validators_add_error_messages	2026-04-07 22:57:40.487175+03
10	auth	0008_alter_user_username_max_length	2026-04-07 22:57:40.518168+03
11	auth	0009_alter_user_last_name_max_length	2026-04-07 22:57:40.540159+03
12	auth	0010_alter_group_name_max_length	2026-04-07 22:57:40.559158+03
13	auth	0011_update_proxy_permissions	2026-04-07 22:57:40.576156+03
14	auth	0012_alter_user_first_name_max_length	2026-04-07 22:57:40.596162+03
15	sessions	0001_initial	2026-04-07 22:57:40.635162+03
\.


--
-- Data for Name: django_session; Type: TABLE DATA; Schema: public; Owner: alex_user
--

COPY public.django_session (session_key, session_data, expire_date) FROM stdin;
81lu2p8r49uvbt1ixoeltvtt4z3702mm	eyJuZXh0X3VybCI6Ii9mYXZpY29uLmljbyJ9:1wATYp:icHxydQLkuIni6AlcLKQIKZMwBttfviMQUJ6leKARAQ	2026-04-08 18:07:15.946295+03
56btnxl8uwyqhrqw3ic911e15ti1nj8q	.eJyrVkrOyczLTI5Pzk9JVbJSMlTSUSotTi0CMnPzM6Cc-JLKApBkXn5RbmIOUDAlPzk-M0XJylAHph3EA2suSMyEcIzMDAyVagHceB23:1wAWOC:19NBQDypGkh4aGxcuODs7VOqNjuav__G9SqL8ClxsAk	2026-04-08 21:08:28.679714+03
tsa1gzmq8p7efyjnmq4d73esyerji1mi	eyJjbGluaWNfY29kZSI6IiIsInVzZXIiOiJtYXE1MTMiLCJ1c2VyX3R5cGUiOiJzdXBlcnZpc29yIn0:1wAnax:GixT-38rc8HrlT9nRoMRTAl6Keg5lwKcxZgPw4liQ58	2026-04-09 15:30:47.471475+03
\.


--
-- Name: ADMIN_STAFF_TAB_ID_seq; Type: SEQUENCE SET; Schema: ALEX_DENT; Owner: postgres
--

SELECT pg_catalog.setval('"ALEX_DENT"."ADMIN_STAFF_TAB_ID_seq"', 1, false);


--
-- Name: AUTH_GROUP_ID_seq; Type: SEQUENCE SET; Schema: ALEX_DENT; Owner: postgres
--

SELECT pg_catalog.setval('"ALEX_DENT"."AUTH_GROUP_ID_seq"', 1, false);


--
-- Name: AUTH_GROUP_PERMISSIONS_ID_seq; Type: SEQUENCE SET; Schema: ALEX_DENT; Owner: postgres
--

SELECT pg_catalog.setval('"ALEX_DENT"."AUTH_GROUP_PERMISSIONS_ID_seq"', 1, false);


--
-- Name: AUTH_PERMISSION_ID_seq; Type: SEQUENCE SET; Schema: ALEX_DENT; Owner: postgres
--

SELECT pg_catalog.setval('"ALEX_DENT"."AUTH_PERMISSION_ID_seq"', 1, false);


--
-- Name: AUTH_USER_GROUPS_ID_seq; Type: SEQUENCE SET; Schema: ALEX_DENT; Owner: postgres
--

SELECT pg_catalog.setval('"ALEX_DENT"."AUTH_USER_GROUPS_ID_seq"', 1, false);


--
-- Name: AUTH_USER_ID_seq; Type: SEQUENCE SET; Schema: ALEX_DENT; Owner: postgres
--

SELECT pg_catalog.setval('"ALEX_DENT"."AUTH_USER_ID_seq"', 1, false);


--
-- Name: AUTH_USER_USER_PERMISSIONS_ID_seq; Type: SEQUENCE SET; Schema: ALEX_DENT; Owner: postgres
--

SELECT pg_catalog.setval('"ALEX_DENT"."AUTH_USER_USER_PERMISSIONS_ID_seq"', 1, false);


--
-- Name: CLIN1_DOCTOR_ID_seq; Type: SEQUENCE SET; Schema: ALEX_DENT; Owner: postgres
--

SELECT pg_catalog.setval('"ALEX_DENT"."CLIN1_DOCTOR_ID_seq"', 1, false);


--
-- Name: CLIN2_DOCTOR_ID_seq; Type: SEQUENCE SET; Schema: ALEX_DENT; Owner: postgres
--

SELECT pg_catalog.setval('"ALEX_DENT"."CLIN2_DOCTOR_ID_seq"', 1, false);


--
-- Name: DENTAL_CONDITIONS_ID_seq; Type: SEQUENCE SET; Schema: ALEX_DENT; Owner: postgres
--

SELECT pg_catalog.setval('"ALEX_DENT"."DENTAL_CONDITIONS_ID_seq"', 1, false);


--
-- Name: DENTAL_TREATMENTS_SEQ; Type: SEQUENCE SET; Schema: ALEX_DENT; Owner: postgres
--

SELECT pg_catalog.setval('"ALEX_DENT"."DENTAL_TREATMENTS_SEQ"', 1, false);


--
-- Name: DJANGO_CONTENT_TYPE_ID_seq; Type: SEQUENCE SET; Schema: ALEX_DENT; Owner: postgres
--

SELECT pg_catalog.setval('"ALEX_DENT"."DJANGO_CONTENT_TYPE_ID_seq"', 1, false);


--
-- Name: DJANGO_MIGRATIONS_ID_seq; Type: SEQUENCE SET; Schema: ALEX_DENT; Owner: postgres
--

SELECT pg_catalog.setval('"ALEX_DENT"."DJANGO_MIGRATIONS_ID_seq"', 1, false);


--
-- Name: MEDICAL_CLINICS_CLINIC_ID_seq; Type: SEQUENCE SET; Schema: ALEX_DENT; Owner: postgres
--

SELECT pg_catalog.setval('"ALEX_DENT"."MEDICAL_CLINICS_CLINIC_ID_seq"', 1, false);


--
-- Name: SERVICE_PRICE_CLIN1_SERVICE_ID_seq; Type: SEQUENCE SET; Schema: ALEX_DENT; Owner: postgres
--

SELECT pg_catalog.setval('"ALEX_DENT"."SERVICE_PRICE_CLIN1_SERVICE_ID_seq"', 1, false);


--
-- Name: SERVICE_PRICE_CLIN2_SERVICE_ID_seq; Type: SEQUENCE SET; Schema: ALEX_DENT; Owner: postgres
--

SELECT pg_catalog.setval('"ALEX_DENT"."SERVICE_PRICE_CLIN2_SERVICE_ID_seq"', 1, false);


--
-- Name: SUPERVISOR_TAB_ID_seq; Type: SEQUENCE SET; Schema: ALEX_DENT; Owner: postgres
--

SELECT pg_catalog.setval('"ALEX_DENT"."SUPERVISOR_TAB_ID_seq"', 1, false);


--
-- Name: VISITS_CLIN1_VISIT_NUMBER_seq; Type: SEQUENCE SET; Schema: ALEX_DENT; Owner: postgres
--

SELECT pg_catalog.setval('"ALEX_DENT"."VISITS_CLIN1_VISIT_NUMBER_seq"', 1, false);


--
-- Name: VISITS_CLIN2_VISIT_NUMBER_seq; Type: SEQUENCE SET; Schema: ALEX_DENT; Owner: postgres
--

SELECT pg_catalog.setval('"ALEX_DENT"."VISITS_CLIN2_VISIT_NUMBER_seq"', 1, false);


--
-- Name: VISIT_SEQ; Type: SEQUENCE SET; Schema: ALEX_DENT; Owner: postgres
--

SELECT pg_catalog.setval('"ALEX_DENT"."VISIT_SEQ"', 141, false);


--
-- Name: auth_group_id_seq; Type: SEQUENCE SET; Schema: public; Owner: alex_user
--

SELECT pg_catalog.setval('public.auth_group_id_seq', 1, false);


--
-- Name: auth_group_permissions_id_seq; Type: SEQUENCE SET; Schema: public; Owner: alex_user
--

SELECT pg_catalog.setval('public.auth_group_permissions_id_seq', 1, false);


--
-- Name: auth_permission_id_seq; Type: SEQUENCE SET; Schema: public; Owner: alex_user
--

SELECT pg_catalog.setval('public.auth_permission_id_seq', 20, true);


--
-- Name: auth_user_groups_id_seq; Type: SEQUENCE SET; Schema: public; Owner: alex_user
--

SELECT pg_catalog.setval('public.auth_user_groups_id_seq', 1, false);


--
-- Name: auth_user_id_seq; Type: SEQUENCE SET; Schema: public; Owner: alex_user
--

SELECT pg_catalog.setval('public.auth_user_id_seq', 1, false);


--
-- Name: auth_user_user_permissions_id_seq; Type: SEQUENCE SET; Schema: public; Owner: alex_user
--

SELECT pg_catalog.setval('public.auth_user_user_permissions_id_seq', 1, false);


--
-- Name: django_content_type_id_seq; Type: SEQUENCE SET; Schema: public; Owner: alex_user
--

SELECT pg_catalog.setval('public.django_content_type_id_seq', 5, true);


--
-- Name: django_migrations_id_seq; Type: SEQUENCE SET; Schema: public; Owner: alex_user
--

SELECT pg_catalog.setval('public.django_migrations_id_seq', 15, true);


--
-- Name: ADMIN_STAFF_TAB ADMIN_STAFF_TAB_USERNAME_key; Type: CONSTRAINT; Schema: ALEX_DENT; Owner: postgres
--

ALTER TABLE ONLY "ALEX_DENT"."ADMIN_STAFF_TAB"
    ADD CONSTRAINT "ADMIN_STAFF_TAB_USERNAME_key" UNIQUE ("USERNAME");


--
-- Name: ADMIN_STAFF_TAB ADMIN_STAFF_TAB_pkey; Type: CONSTRAINT; Schema: ALEX_DENT; Owner: postgres
--

ALTER TABLE ONLY "ALEX_DENT"."ADMIN_STAFF_TAB"
    ADD CONSTRAINT "ADMIN_STAFF_TAB_pkey" PRIMARY KEY ("ID");


--
-- Name: AUTH_GROUP AUTH_GROUP_NAME_key; Type: CONSTRAINT; Schema: ALEX_DENT; Owner: postgres
--

ALTER TABLE ONLY "ALEX_DENT"."AUTH_GROUP"
    ADD CONSTRAINT "AUTH_GROUP_NAME_key" UNIQUE ("NAME");


--
-- Name: AUTH_GROUP_PERMISSIONS AUTH_GROUP_PERMISSIONS_GROUP_ID_PERMISSION_ID_key; Type: CONSTRAINT; Schema: ALEX_DENT; Owner: postgres
--

ALTER TABLE ONLY "ALEX_DENT"."AUTH_GROUP_PERMISSIONS"
    ADD CONSTRAINT "AUTH_GROUP_PERMISSIONS_GROUP_ID_PERMISSION_ID_key" UNIQUE ("GROUP_ID", "PERMISSION_ID");


--
-- Name: AUTH_GROUP_PERMISSIONS AUTH_GROUP_PERMISSIONS_pkey; Type: CONSTRAINT; Schema: ALEX_DENT; Owner: postgres
--

ALTER TABLE ONLY "ALEX_DENT"."AUTH_GROUP_PERMISSIONS"
    ADD CONSTRAINT "AUTH_GROUP_PERMISSIONS_pkey" PRIMARY KEY ("ID");


--
-- Name: AUTH_GROUP AUTH_GROUP_pkey; Type: CONSTRAINT; Schema: ALEX_DENT; Owner: postgres
--

ALTER TABLE ONLY "ALEX_DENT"."AUTH_GROUP"
    ADD CONSTRAINT "AUTH_GROUP_pkey" PRIMARY KEY ("ID");


--
-- Name: AUTH_PERMISSION AUTH_PERMISSION_CONTENT_TYPE_ID_CODENAME_key; Type: CONSTRAINT; Schema: ALEX_DENT; Owner: postgres
--

ALTER TABLE ONLY "ALEX_DENT"."AUTH_PERMISSION"
    ADD CONSTRAINT "AUTH_PERMISSION_CONTENT_TYPE_ID_CODENAME_key" UNIQUE ("CONTENT_TYPE_ID", "CODENAME");


--
-- Name: AUTH_PERMISSION AUTH_PERMISSION_pkey; Type: CONSTRAINT; Schema: ALEX_DENT; Owner: postgres
--

ALTER TABLE ONLY "ALEX_DENT"."AUTH_PERMISSION"
    ADD CONSTRAINT "AUTH_PERMISSION_pkey" PRIMARY KEY ("ID");


--
-- Name: AUTH_USER_GROUPS AUTH_USER_GROUPS_USER_ID_GROUP_ID_key; Type: CONSTRAINT; Schema: ALEX_DENT; Owner: postgres
--

ALTER TABLE ONLY "ALEX_DENT"."AUTH_USER_GROUPS"
    ADD CONSTRAINT "AUTH_USER_GROUPS_USER_ID_GROUP_ID_key" UNIQUE ("USER_ID", "GROUP_ID");


--
-- Name: AUTH_USER_GROUPS AUTH_USER_GROUPS_pkey; Type: CONSTRAINT; Schema: ALEX_DENT; Owner: postgres
--

ALTER TABLE ONLY "ALEX_DENT"."AUTH_USER_GROUPS"
    ADD CONSTRAINT "AUTH_USER_GROUPS_pkey" PRIMARY KEY ("ID");


--
-- Name: AUTH_USER AUTH_USER_USERNAME_key; Type: CONSTRAINT; Schema: ALEX_DENT; Owner: postgres
--

ALTER TABLE ONLY "ALEX_DENT"."AUTH_USER"
    ADD CONSTRAINT "AUTH_USER_USERNAME_key" UNIQUE ("USERNAME");


--
-- Name: AUTH_USER_USER_PERMISSIONS AUTH_USER_USER_PERMISSIONS_USER_ID_PERMISSION_ID_key; Type: CONSTRAINT; Schema: ALEX_DENT; Owner: postgres
--

ALTER TABLE ONLY "ALEX_DENT"."AUTH_USER_USER_PERMISSIONS"
    ADD CONSTRAINT "AUTH_USER_USER_PERMISSIONS_USER_ID_PERMISSION_ID_key" UNIQUE ("USER_ID", "PERMISSION_ID");


--
-- Name: AUTH_USER_USER_PERMISSIONS AUTH_USER_USER_PERMISSIONS_pkey; Type: CONSTRAINT; Schema: ALEX_DENT; Owner: postgres
--

ALTER TABLE ONLY "ALEX_DENT"."AUTH_USER_USER_PERMISSIONS"
    ADD CONSTRAINT "AUTH_USER_USER_PERMISSIONS_pkey" PRIMARY KEY ("ID");


--
-- Name: AUTH_USER AUTH_USER_pkey; Type: CONSTRAINT; Schema: ALEX_DENT; Owner: postgres
--

ALTER TABLE ONLY "ALEX_DENT"."AUTH_USER"
    ADD CONSTRAINT "AUTH_USER_pkey" PRIMARY KEY ("ID");


--
-- Name: CLIN1 CLIN1_pkey; Type: CONSTRAINT; Schema: ALEX_DENT; Owner: postgres
--

ALTER TABLE ONLY "ALEX_DENT"."CLIN1"
    ADD CONSTRAINT "CLIN1_pkey" PRIMARY KEY ("DOCTOR_ID");


--
-- Name: CLIN2 CLIN2_pkey; Type: CONSTRAINT; Schema: ALEX_DENT; Owner: postgres
--

ALTER TABLE ONLY "ALEX_DENT"."CLIN2"
    ADD CONSTRAINT "CLIN2_pkey" PRIMARY KEY ("DOCTOR_ID");


--
-- Name: CLIN_SURGERY_DOC_TIME CLIN_SURGERY_DOC_TIME_pkey; Type: CONSTRAINT; Schema: ALEX_DENT; Owner: postgres
--

ALTER TABLE ONLY "ALEX_DENT"."CLIN_SURGERY_DOC_TIME"
    ADD CONSTRAINT "CLIN_SURGERY_DOC_TIME_pkey" PRIMARY KEY ("DOCTOR_ID");


--
-- Name: DENTAL_CONDITIONS DENTAL_CONDITIONS_pkey; Type: CONSTRAINT; Schema: ALEX_DENT; Owner: postgres
--

ALTER TABLE ONLY "ALEX_DENT"."DENTAL_CONDITIONS"
    ADD CONSTRAINT "DENTAL_CONDITIONS_pkey" PRIMARY KEY ("ID");


--
-- Name: DENTAL_DRUG DENTAL_DRUG_pkey; Type: CONSTRAINT; Schema: ALEX_DENT; Owner: postgres
--

ALTER TABLE ONLY "ALEX_DENT"."DENTAL_DRUG"
    ADD CONSTRAINT "DENTAL_DRUG_pkey" PRIMARY KEY ("ID");


--
-- Name: DJANGO_CONTENT_TYPE DJANGO_CONTENT_TYPE_APP_LABEL_MODEL_key; Type: CONSTRAINT; Schema: ALEX_DENT; Owner: postgres
--

ALTER TABLE ONLY "ALEX_DENT"."DJANGO_CONTENT_TYPE"
    ADD CONSTRAINT "DJANGO_CONTENT_TYPE_APP_LABEL_MODEL_key" UNIQUE ("APP_LABEL", "MODEL");


--
-- Name: DJANGO_CONTENT_TYPE DJANGO_CONTENT_TYPE_pkey; Type: CONSTRAINT; Schema: ALEX_DENT; Owner: postgres
--

ALTER TABLE ONLY "ALEX_DENT"."DJANGO_CONTENT_TYPE"
    ADD CONSTRAINT "DJANGO_CONTENT_TYPE_pkey" PRIMARY KEY ("ID");


--
-- Name: DJANGO_MIGRATIONS DJANGO_MIGRATIONS_pkey; Type: CONSTRAINT; Schema: ALEX_DENT; Owner: postgres
--

ALTER TABLE ONLY "ALEX_DENT"."DJANGO_MIGRATIONS"
    ADD CONSTRAINT "DJANGO_MIGRATIONS_pkey" PRIMARY KEY ("ID");


--
-- Name: DJANGO_SESSION DJANGO_SESSION_pkey; Type: CONSTRAINT; Schema: ALEX_DENT; Owner: postgres
--

ALTER TABLE ONLY "ALEX_DENT"."DJANGO_SESSION"
    ADD CONSTRAINT "DJANGO_SESSION_pkey" PRIMARY KEY ("SESSION_KEY");


--
-- Name: LAB_IM_EX LAB_IM_EX_pkey; Type: CONSTRAINT; Schema: ALEX_DENT; Owner: postgres
--

ALTER TABLE ONLY "ALEX_DENT"."LAB_IM_EX"
    ADD CONSTRAINT "LAB_IM_EX_pkey" PRIMARY KEY ("ID");


--
-- Name: MEDICAL_CLINICS MEDICAL_CLINICS_USERNAME_key; Type: CONSTRAINT; Schema: ALEX_DENT; Owner: postgres
--

ALTER TABLE ONLY "ALEX_DENT"."MEDICAL_CLINICS"
    ADD CONSTRAINT "MEDICAL_CLINICS_USERNAME_key" UNIQUE ("USERNAME");


--
-- Name: MEDICAL_CLINICS MEDICAL_CLINICS_pkey; Type: CONSTRAINT; Schema: ALEX_DENT; Owner: postgres
--

ALTER TABLE ONLY "ALEX_DENT"."MEDICAL_CLINICS"
    ADD CONSTRAINT "MEDICAL_CLINICS_pkey" PRIMARY KEY ("CLINIC_ID");


--
-- Name: PATIENT_RECORDS PATIENT_RECORDS_pkey; Type: CONSTRAINT; Schema: ALEX_DENT; Owner: postgres
--

ALTER TABLE ONLY "ALEX_DENT"."PATIENT_RECORDS"
    ADD CONSTRAINT "PATIENT_RECORDS_pkey" PRIMARY KEY ("FILE_PAT_NO");


--
-- Name: PATIENT_TREATMENTS PATIENT_TREATMENTS_PATIENT_ID_DOCTOR_ID_VISIT_NUMBER_key; Type: CONSTRAINT; Schema: ALEX_DENT; Owner: postgres
--

ALTER TABLE ONLY "ALEX_DENT"."PATIENT_TREATMENTS"
    ADD CONSTRAINT "PATIENT_TREATMENTS_PATIENT_ID_DOCTOR_ID_VISIT_NUMBER_key" UNIQUE ("PATIENT_ID", "DOCTOR_ID", "VISIT_NUMBER");


--
-- Name: SERVICE_PRICE_CLIN1 SERVICE_PRICE_CLIN1_pkey; Type: CONSTRAINT; Schema: ALEX_DENT; Owner: postgres
--

ALTER TABLE ONLY "ALEX_DENT"."SERVICE_PRICE_CLIN1"
    ADD CONSTRAINT "SERVICE_PRICE_CLIN1_pkey" PRIMARY KEY ("SERVICE_ID");


--
-- Name: SERVICE_PRICE_CLIN2 SERVICE_PRICE_CLIN2_pkey; Type: CONSTRAINT; Schema: ALEX_DENT; Owner: postgres
--

ALTER TABLE ONLY "ALEX_DENT"."SERVICE_PRICE_CLIN2"
    ADD CONSTRAINT "SERVICE_PRICE_CLIN2_pkey" PRIMARY KEY ("SERVICE_ID");


--
-- Name: SUPERVISOR_TAB SUPERVISOR_TAB_USERNAME_key; Type: CONSTRAINT; Schema: ALEX_DENT; Owner: postgres
--

ALTER TABLE ONLY "ALEX_DENT"."SUPERVISOR_TAB"
    ADD CONSTRAINT "SUPERVISOR_TAB_USERNAME_key" UNIQUE ("USERNAME");


--
-- Name: SUPERVISOR_TAB SUPERVISOR_TAB_pkey; Type: CONSTRAINT; Schema: ALEX_DENT; Owner: postgres
--

ALTER TABLE ONLY "ALEX_DENT"."SUPERVISOR_TAB"
    ADD CONSTRAINT "SUPERVISOR_TAB_pkey" PRIMARY KEY ("ID");


--
-- Name: VISIT_PERIODS VISIT_PERIODS_pkey; Type: CONSTRAINT; Schema: ALEX_DENT; Owner: postgres
--

ALTER TABLE ONLY "ALEX_DENT"."VISIT_PERIODS"
    ADD CONSTRAINT "VISIT_PERIODS_pkey" PRIMARY KEY ("PERIOD_NUMBER");


--
-- Name: VOUCHER_COUNTER VOUCHER_COUNTER_pkey; Type: CONSTRAINT; Schema: ALEX_DENT; Owner: postgres
--

ALTER TABLE ONLY "ALEX_DENT"."VOUCHER_COUNTER"
    ADD CONSTRAINT "VOUCHER_COUNTER_pkey" PRIMARY KEY ("VOUCHER_NUMBER");


--
-- Name: auth_group auth_group_name_key; Type: CONSTRAINT; Schema: public; Owner: alex_user
--

ALTER TABLE ONLY public.auth_group
    ADD CONSTRAINT auth_group_name_key UNIQUE (name);


--
-- Name: auth_group_permissions auth_group_permissions_group_id_permission_id_0cd325b0_uniq; Type: CONSTRAINT; Schema: public; Owner: alex_user
--

ALTER TABLE ONLY public.auth_group_permissions
    ADD CONSTRAINT auth_group_permissions_group_id_permission_id_0cd325b0_uniq UNIQUE (group_id, permission_id);


--
-- Name: auth_group_permissions auth_group_permissions_pkey; Type: CONSTRAINT; Schema: public; Owner: alex_user
--

ALTER TABLE ONLY public.auth_group_permissions
    ADD CONSTRAINT auth_group_permissions_pkey PRIMARY KEY (id);


--
-- Name: auth_group auth_group_pkey; Type: CONSTRAINT; Schema: public; Owner: alex_user
--

ALTER TABLE ONLY public.auth_group
    ADD CONSTRAINT auth_group_pkey PRIMARY KEY (id);


--
-- Name: auth_permission auth_permission_content_type_id_codename_01ab375a_uniq; Type: CONSTRAINT; Schema: public; Owner: alex_user
--

ALTER TABLE ONLY public.auth_permission
    ADD CONSTRAINT auth_permission_content_type_id_codename_01ab375a_uniq UNIQUE (content_type_id, codename);


--
-- Name: auth_permission auth_permission_pkey; Type: CONSTRAINT; Schema: public; Owner: alex_user
--

ALTER TABLE ONLY public.auth_permission
    ADD CONSTRAINT auth_permission_pkey PRIMARY KEY (id);


--
-- Name: auth_user_groups auth_user_groups_pkey; Type: CONSTRAINT; Schema: public; Owner: alex_user
--

ALTER TABLE ONLY public.auth_user_groups
    ADD CONSTRAINT auth_user_groups_pkey PRIMARY KEY (id);


--
-- Name: auth_user_groups auth_user_groups_user_id_group_id_94350c0c_uniq; Type: CONSTRAINT; Schema: public; Owner: alex_user
--

ALTER TABLE ONLY public.auth_user_groups
    ADD CONSTRAINT auth_user_groups_user_id_group_id_94350c0c_uniq UNIQUE (user_id, group_id);


--
-- Name: auth_user auth_user_pkey; Type: CONSTRAINT; Schema: public; Owner: alex_user
--

ALTER TABLE ONLY public.auth_user
    ADD CONSTRAINT auth_user_pkey PRIMARY KEY (id);


--
-- Name: auth_user_user_permissions auth_user_user_permissions_pkey; Type: CONSTRAINT; Schema: public; Owner: alex_user
--

ALTER TABLE ONLY public.auth_user_user_permissions
    ADD CONSTRAINT auth_user_user_permissions_pkey PRIMARY KEY (id);


--
-- Name: auth_user_user_permissions auth_user_user_permissions_user_id_permission_id_14a6b632_uniq; Type: CONSTRAINT; Schema: public; Owner: alex_user
--

ALTER TABLE ONLY public.auth_user_user_permissions
    ADD CONSTRAINT auth_user_user_permissions_user_id_permission_id_14a6b632_uniq UNIQUE (user_id, permission_id);


--
-- Name: auth_user auth_user_username_key; Type: CONSTRAINT; Schema: public; Owner: alex_user
--

ALTER TABLE ONLY public.auth_user
    ADD CONSTRAINT auth_user_username_key UNIQUE (username);


--
-- Name: django_content_type django_content_type_app_label_model_76bd3d3b_uniq; Type: CONSTRAINT; Schema: public; Owner: alex_user
--

ALTER TABLE ONLY public.django_content_type
    ADD CONSTRAINT django_content_type_app_label_model_76bd3d3b_uniq UNIQUE (app_label, model);


--
-- Name: django_content_type django_content_type_pkey; Type: CONSTRAINT; Schema: public; Owner: alex_user
--

ALTER TABLE ONLY public.django_content_type
    ADD CONSTRAINT django_content_type_pkey PRIMARY KEY (id);


--
-- Name: django_migrations django_migrations_pkey; Type: CONSTRAINT; Schema: public; Owner: alex_user
--

ALTER TABLE ONLY public.django_migrations
    ADD CONSTRAINT django_migrations_pkey PRIMARY KEY (id);


--
-- Name: django_session django_session_pkey; Type: CONSTRAINT; Schema: public; Owner: alex_user
--

ALTER TABLE ONLY public.django_session
    ADD CONSTRAINT django_session_pkey PRIMARY KEY (session_key);


--
-- Name: auth_group_permissions_group_id_idx; Type: INDEX; Schema: ALEX_DENT; Owner: postgres
--

CREATE INDEX auth_group_permissions_group_id_idx ON "ALEX_DENT"."AUTH_GROUP_PERMISSIONS" USING btree ("GROUP_ID");


--
-- Name: auth_group_permissions_group_perm_idx; Type: INDEX; Schema: ALEX_DENT; Owner: postgres
--

CREATE UNIQUE INDEX auth_group_permissions_group_perm_idx ON "ALEX_DENT"."AUTH_GROUP_PERMISSIONS" USING btree ("GROUP_ID", "PERMISSION_ID");


--
-- Name: auth_group_permissions_perm_id_idx; Type: INDEX; Schema: ALEX_DENT; Owner: postgres
--

CREATE INDEX auth_group_permissions_perm_id_idx ON "ALEX_DENT"."AUTH_GROUP_PERMISSIONS" USING btree ("PERMISSION_ID");


--
-- Name: auth_permission_content_type_codename_idx; Type: INDEX; Schema: ALEX_DENT; Owner: postgres
--

CREATE UNIQUE INDEX auth_permission_content_type_codename_idx ON "ALEX_DENT"."AUTH_PERMISSION" USING btree ("CONTENT_TYPE_ID", "CODENAME");


--
-- Name: auth_permission_content_type_id_idx; Type: INDEX; Schema: ALEX_DENT; Owner: postgres
--

CREATE INDEX auth_permission_content_type_id_idx ON "ALEX_DENT"."AUTH_PERMISSION" USING btree ("CONTENT_TYPE_ID");


--
-- Name: auth_user_groups_group_id_idx; Type: INDEX; Schema: ALEX_DENT; Owner: postgres
--

CREATE INDEX auth_user_groups_group_id_idx ON "ALEX_DENT"."AUTH_USER_GROUPS" USING btree ("GROUP_ID");


--
-- Name: auth_user_groups_user_group_idx; Type: INDEX; Schema: ALEX_DENT; Owner: postgres
--

CREATE UNIQUE INDEX auth_user_groups_user_group_idx ON "ALEX_DENT"."AUTH_USER_GROUPS" USING btree ("USER_ID", "GROUP_ID");


--
-- Name: auth_user_groups_user_id_idx; Type: INDEX; Schema: ALEX_DENT; Owner: postgres
--

CREATE INDEX auth_user_groups_user_id_idx ON "ALEX_DENT"."AUTH_USER_GROUPS" USING btree ("USER_ID");


--
-- Name: auth_user_user_permissions_perm_id_idx; Type: INDEX; Schema: ALEX_DENT; Owner: postgres
--

CREATE INDEX auth_user_user_permissions_perm_id_idx ON "ALEX_DENT"."AUTH_USER_USER_PERMISSIONS" USING btree ("PERMISSION_ID");


--
-- Name: auth_user_user_permissions_user_id_idx; Type: INDEX; Schema: ALEX_DENT; Owner: postgres
--

CREATE INDEX auth_user_user_permissions_user_id_idx ON "ALEX_DENT"."AUTH_USER_USER_PERMISSIONS" USING btree ("USER_ID");


--
-- Name: auth_user_user_permissions_user_perm_idx; Type: INDEX; Schema: ALEX_DENT; Owner: postgres
--

CREATE UNIQUE INDEX auth_user_user_permissions_user_perm_idx ON "ALEX_DENT"."AUTH_USER_USER_PERMISSIONS" USING btree ("USER_ID", "PERMISSION_ID");


--
-- Name: django_content_type_app_label_model_idx; Type: INDEX; Schema: ALEX_DENT; Owner: postgres
--

CREATE UNIQUE INDEX django_content_type_app_label_model_idx ON "ALEX_DENT"."DJANGO_CONTENT_TYPE" USING btree ("APP_LABEL", "MODEL");


--
-- Name: django_session_expire_date_idx; Type: INDEX; Schema: ALEX_DENT; Owner: postgres
--

CREATE INDEX django_session_expire_date_idx ON "ALEX_DENT"."DJANGO_SESSION" USING btree ("EXPIRE_DATE");


--
-- Name: patient_treatments_patient_doc_visit_idx; Type: INDEX; Schema: ALEX_DENT; Owner: postgres
--

CREATE UNIQUE INDEX patient_treatments_patient_doc_visit_idx ON "ALEX_DENT"."PATIENT_TREATMENTS" USING btree ("PATIENT_ID", "DOCTOR_ID", "VISIT_NUMBER");


--
-- Name: visit_periods_pk_idx; Type: INDEX; Schema: ALEX_DENT; Owner: postgres
--

CREATE UNIQUE INDEX visit_periods_pk_idx ON "ALEX_DENT"."VISIT_PERIODS" USING btree ("PERIOD_NUMBER");


--
-- Name: auth_group_name_a6ea08ec_like; Type: INDEX; Schema: public; Owner: alex_user
--

CREATE INDEX auth_group_name_a6ea08ec_like ON public.auth_group USING btree (name varchar_pattern_ops);


--
-- Name: auth_group_permissions_group_id_b120cbf9; Type: INDEX; Schema: public; Owner: alex_user
--

CREATE INDEX auth_group_permissions_group_id_b120cbf9 ON public.auth_group_permissions USING btree (group_id);


--
-- Name: auth_group_permissions_permission_id_84c5c92e; Type: INDEX; Schema: public; Owner: alex_user
--

CREATE INDEX auth_group_permissions_permission_id_84c5c92e ON public.auth_group_permissions USING btree (permission_id);


--
-- Name: auth_permission_content_type_id_2f476e4b; Type: INDEX; Schema: public; Owner: alex_user
--

CREATE INDEX auth_permission_content_type_id_2f476e4b ON public.auth_permission USING btree (content_type_id);


--
-- Name: auth_user_groups_group_id_97559544; Type: INDEX; Schema: public; Owner: alex_user
--

CREATE INDEX auth_user_groups_group_id_97559544 ON public.auth_user_groups USING btree (group_id);


--
-- Name: auth_user_groups_user_id_6a12ed8b; Type: INDEX; Schema: public; Owner: alex_user
--

CREATE INDEX auth_user_groups_user_id_6a12ed8b ON public.auth_user_groups USING btree (user_id);


--
-- Name: auth_user_user_permissions_permission_id_1fbb5f2c; Type: INDEX; Schema: public; Owner: alex_user
--

CREATE INDEX auth_user_user_permissions_permission_id_1fbb5f2c ON public.auth_user_user_permissions USING btree (permission_id);


--
-- Name: auth_user_user_permissions_user_id_a95ead1b; Type: INDEX; Schema: public; Owner: alex_user
--

CREATE INDEX auth_user_user_permissions_user_id_a95ead1b ON public.auth_user_user_permissions USING btree (user_id);


--
-- Name: auth_user_username_6821ab7c_like; Type: INDEX; Schema: public; Owner: alex_user
--

CREATE INDEX auth_user_username_6821ab7c_like ON public.auth_user USING btree (username varchar_pattern_ops);


--
-- Name: django_session_expire_date_a5c62663; Type: INDEX; Schema: public; Owner: alex_user
--

CREATE INDEX django_session_expire_date_a5c62663 ON public.django_session USING btree (expire_date);


--
-- Name: django_session_session_key_c0390e0f_like; Type: INDEX; Schema: public; Owner: alex_user
--

CREATE INDEX django_session_session_key_c0390e0f_like ON public.django_session USING btree (session_key varchar_pattern_ops);


--
-- Name: DENTAL_DRUG dental_treatments_trg; Type: TRIGGER; Schema: ALEX_DENT; Owner: postgres
--

CREATE TRIGGER dental_treatments_trg BEFORE INSERT ON "ALEX_DENT"."DENTAL_DRUG" FOR EACH ROW EXECUTE FUNCTION "ALEX_DENT".dental_treatments_trg_func();


--
-- Name: AUTH_GROUP_PERMISSIONS fk_group_permissions_group; Type: FK CONSTRAINT; Schema: ALEX_DENT; Owner: postgres
--

ALTER TABLE ONLY "ALEX_DENT"."AUTH_GROUP_PERMISSIONS"
    ADD CONSTRAINT fk_group_permissions_group FOREIGN KEY ("GROUP_ID") REFERENCES "ALEX_DENT"."AUTH_GROUP"("ID");


--
-- Name: AUTH_GROUP_PERMISSIONS fk_group_permissions_permission; Type: FK CONSTRAINT; Schema: ALEX_DENT; Owner: postgres
--

ALTER TABLE ONLY "ALEX_DENT"."AUTH_GROUP_PERMISSIONS"
    ADD CONSTRAINT fk_group_permissions_permission FOREIGN KEY ("PERMISSION_ID") REFERENCES "ALEX_DENT"."AUTH_PERMISSION"("ID");


--
-- Name: AUTH_PERMISSION fk_permission_content_type; Type: FK CONSTRAINT; Schema: ALEX_DENT; Owner: postgres
--

ALTER TABLE ONLY "ALEX_DENT"."AUTH_PERMISSION"
    ADD CONSTRAINT fk_permission_content_type FOREIGN KEY ("CONTENT_TYPE_ID") REFERENCES "ALEX_DENT"."DJANGO_CONTENT_TYPE"("ID");


--
-- Name: AUTH_USER_GROUPS fk_user_groups_group; Type: FK CONSTRAINT; Schema: ALEX_DENT; Owner: postgres
--

ALTER TABLE ONLY "ALEX_DENT"."AUTH_USER_GROUPS"
    ADD CONSTRAINT fk_user_groups_group FOREIGN KEY ("GROUP_ID") REFERENCES "ALEX_DENT"."AUTH_GROUP"("ID");


--
-- Name: AUTH_USER_GROUPS fk_user_groups_user; Type: FK CONSTRAINT; Schema: ALEX_DENT; Owner: postgres
--

ALTER TABLE ONLY "ALEX_DENT"."AUTH_USER_GROUPS"
    ADD CONSTRAINT fk_user_groups_user FOREIGN KEY ("USER_ID") REFERENCES "ALEX_DENT"."AUTH_USER"("ID");


--
-- Name: AUTH_USER_USER_PERMISSIONS fk_user_permissions_permission; Type: FK CONSTRAINT; Schema: ALEX_DENT; Owner: postgres
--

ALTER TABLE ONLY "ALEX_DENT"."AUTH_USER_USER_PERMISSIONS"
    ADD CONSTRAINT fk_user_permissions_permission FOREIGN KEY ("PERMISSION_ID") REFERENCES "ALEX_DENT"."AUTH_PERMISSION"("ID");


--
-- Name: AUTH_USER_USER_PERMISSIONS fk_user_permissions_user; Type: FK CONSTRAINT; Schema: ALEX_DENT; Owner: postgres
--

ALTER TABLE ONLY "ALEX_DENT"."AUTH_USER_USER_PERMISSIONS"
    ADD CONSTRAINT fk_user_permissions_user FOREIGN KEY ("USER_ID") REFERENCES "ALEX_DENT"."AUTH_USER"("ID");


--
-- Name: auth_group_permissions auth_group_permissio_permission_id_84c5c92e_fk_auth_perm; Type: FK CONSTRAINT; Schema: public; Owner: alex_user
--

ALTER TABLE ONLY public.auth_group_permissions
    ADD CONSTRAINT auth_group_permissio_permission_id_84c5c92e_fk_auth_perm FOREIGN KEY (permission_id) REFERENCES public.auth_permission(id) DEFERRABLE INITIALLY DEFERRED;


--
-- Name: auth_group_permissions auth_group_permissions_group_id_b120cbf9_fk_auth_group_id; Type: FK CONSTRAINT; Schema: public; Owner: alex_user
--

ALTER TABLE ONLY public.auth_group_permissions
    ADD CONSTRAINT auth_group_permissions_group_id_b120cbf9_fk_auth_group_id FOREIGN KEY (group_id) REFERENCES public.auth_group(id) DEFERRABLE INITIALLY DEFERRED;


--
-- Name: auth_permission auth_permission_content_type_id_2f476e4b_fk_django_co; Type: FK CONSTRAINT; Schema: public; Owner: alex_user
--

ALTER TABLE ONLY public.auth_permission
    ADD CONSTRAINT auth_permission_content_type_id_2f476e4b_fk_django_co FOREIGN KEY (content_type_id) REFERENCES public.django_content_type(id) DEFERRABLE INITIALLY DEFERRED;


--
-- Name: auth_user_groups auth_user_groups_group_id_97559544_fk_auth_group_id; Type: FK CONSTRAINT; Schema: public; Owner: alex_user
--

ALTER TABLE ONLY public.auth_user_groups
    ADD CONSTRAINT auth_user_groups_group_id_97559544_fk_auth_group_id FOREIGN KEY (group_id) REFERENCES public.auth_group(id) DEFERRABLE INITIALLY DEFERRED;


--
-- Name: auth_user_groups auth_user_groups_user_id_6a12ed8b_fk_auth_user_id; Type: FK CONSTRAINT; Schema: public; Owner: alex_user
--

ALTER TABLE ONLY public.auth_user_groups
    ADD CONSTRAINT auth_user_groups_user_id_6a12ed8b_fk_auth_user_id FOREIGN KEY (user_id) REFERENCES public.auth_user(id) DEFERRABLE INITIALLY DEFERRED;


--
-- Name: auth_user_user_permissions auth_user_user_permi_permission_id_1fbb5f2c_fk_auth_perm; Type: FK CONSTRAINT; Schema: public; Owner: alex_user
--

ALTER TABLE ONLY public.auth_user_user_permissions
    ADD CONSTRAINT auth_user_user_permi_permission_id_1fbb5f2c_fk_auth_perm FOREIGN KEY (permission_id) REFERENCES public.auth_permission(id) DEFERRABLE INITIALLY DEFERRED;


--
-- Name: auth_user_user_permissions auth_user_user_permissions_user_id_a95ead1b_fk_auth_user_id; Type: FK CONSTRAINT; Schema: public; Owner: alex_user
--

ALTER TABLE ONLY public.auth_user_user_permissions
    ADD CONSTRAINT auth_user_user_permissions_user_id_a95ead1b_fk_auth_user_id FOREIGN KEY (user_id) REFERENCES public.auth_user(id) DEFERRABLE INITIALLY DEFERRED;


--
-- PostgreSQL database dump complete
--

\unrestrict Hv0qjd1w7fLS8BVKIrqcOzcBo16LgWQKVrBF8Bm1xLclSqPWEVtK0jskreck7iY

